q_id,query,label_status,gold_web_ids,clarify_note
5287,–ü–æ—á–µ–º—É –Ω–µ –Ω–∞—á–∏—Å–ª–µ–Ω –∫—ç—à–±—ç–∫ 0% –∑–∞ –æ–ø–ª–∞—Ç—É –ñ–ö–£ –∑–∞ 00 –∞–≤–≥—É—Å—Ç–∞?,ok,"1516,1552,1902",
6019,"–î–æ–±—Ä—ã–π –¥–µ–Ω—å, –ø—Ä–æ—à—É –ø—Ä–∏—Å–ª–∞—Ç—å –Ω–∞–¥–±–∞–≤–∫—É –ø–æ –∫—Ä–µ–¥–∏—Ç—É –∫ —Å—É–º–º–µ –û–°–ó –∏–∑ –∫—Ä–µ–¥ –¥–æ–≥–æ–≤–æ—Ä–∞ XXXXX",need_clarify,,ask_product|route_support::–Ω—É–∂–µ–Ω –ø—Ä–æ–¥—É–∫—Ç –∏ –¥–æ–≥–æ–≤–æ—Ä; —Ä–µ—à–∞–µ—Ç—Å—è —á–µ—Ä–µ–∑ –ø–æ–¥–¥–µ—Ä–∂–∫—É
2982,–£ –º–µ–Ω—è —Ç–∞–º –æ—Å—Ç–∞–≤–∞–ª–∏—Å—å –¥–µ–Ω—å–≥–∏ –Ω–∞ —Å—á–µ—Ç–µ,need_clarify,,ask_product|how_to_check|route_support::–∫–∞–∫–æ–π —Å—á—ë—Ç/–ø—Ä–æ–¥—É–∫—Ç –∏ —á—Ç–æ –∏–º–µ–Ω–Ω–æ –Ω—É–∂–Ω–æ —Å–¥–µ–ª–∞—Ç—å (—É–≤–∏–¥–µ—Ç—å –æ—Å—Ç–∞—Ç–æ–∫ / –≤—ã–≤–µ—Å—Ç–∏ / —Å—á—ë—Ç –∑–∞–∫—Ä—ã—Ç?)
3348,–ß—Ç–æ –∑–∞ —É—Å–ª—É–≥–∞ –ê–ª—å—Ñ–∞ —á–µ–∫. –ò –∫–∞–∫ –µ–µ –æ—Ç–∫–ª—é—á–∏—Ç—å? –û—Ç–∫—É–¥–∞ –æ–Ω–∞ –≤–∑—è–ª–∞—Å—å?,no_answer,,
470,–£ —Ä–µ–±—ë–Ω–∫–∞ –Ω–µ –ø–æ–ª—É—á–∞–µ—Ç—Å—è –≤–æ–π—Ç–∏ –≤ –ª–∫,need_clarify,,"ask_channel|ask_details|route_support::–≥–¥–µ –≤—Ö–æ–¥ (–ø—Ä–∏–ª–æ–∂–µ–Ω–∏–µ/–≤–µ–±), –∫–∞–∫–∞—è –æ—à–∏–±–∫–∞, –ø—Ä–∏—Ö–æ–¥–∏—Ç –ª–∏ –∫–æ–¥; –ø—Ä–∏ –±–ª–æ–∫–∏—Ä–æ–≤–∫–µ ‚Äî –≤ –ø–æ–¥–¥–µ—Ä–∂–∫—É"
539,–ù–æ–º–µ—Ä –∫—Ä–µ–¥–∏—Ç–Ω–æ–≥–æ —Å—Ç—Ä–∞—Ö–æ–≤–∞–Ω–∏—è,need_clarify,"194,259",ask_product|how_to_check::–∫–∞–∫–æ–π –ø—Ä–æ–¥—É–∫—Ç (–∫—Ä–µ–¥–∏—Ç –Ω–∞–ª–∏—á–Ω—ã–º–∏/–∏–ø–æ—Ç–µ–∫–∞/–∫—Ä–µ–¥–∏—Ç–∫–∞) –∏ –≥–¥–µ –∏—â–µ—Ç–µ –Ω–æ–º–µ—Ä ‚Äî –≤ –ø—Ä–∏–ª–æ–∂–µ–Ω–∏–∏ –∏–ª–∏ –≤ –¥–æ–∫—É–º–µ–Ω—Ç–∞—Ö? –ù—É–∂–µ–Ω –Ω–æ–º–µ—Ä –ø–æ–ª–∏—Å–∞/—Å–µ—Ä—Ç–∏—Ñ–∏–∫–∞—Ç–∞ –∏–ª–∏ –Ω–æ–º–µ—Ä –∫—Ä–µ–¥–∏—Ç–Ω–æ–≥–æ –¥–æ–≥–æ–≤–æ—Ä–∞?
3177,–î–æ–±—Ä—ã–π –¥–µ–Ω—å –£ –º–µ–Ω—è –ø–æ–¥–∫–ª—é—á–µ–Ω—ã –±—ã—Å—Ç—Ä—ã–µ –ø–ª–∞—Ç–µ–∂–∏?,need_clarify,292,"ask_channel|ask_product|how_to_check::—É—Ç–æ—á–Ω–∏—Ç—å: —Ñ–∏–∑–ª–∏—Ü–æ –∏–ª–∏ –±–∏–∑–Ω–µ—Å –∏ –≥–¥–µ —Ö–æ—Ç–∏—Ç–µ –ø—Ä–æ–≤–µ—Ä–∏—Ç—å (–ø—Ä–∏–ª–æ–∂–µ–Ω–∏–µ/–≤–µ–±). –î–∞–º —à–∞–≥–∏, –∫–∞–∫ –ø–æ—Å–º–æ—Ç—Ä–µ—Ç—å —Å—Ç–∞—Ç—É—Å –°–ë–ü –∏ –∫–∞–∫ –ø–æ–¥–∫–ª—é—á–∏—Ç—å."
6128,–ì–¥–µ –Ω–∞–π—Ç–∏ –∞–≤—Ç–æ–ø–ª–∞—Ç–µ–∂–∏?,ok,"1304,1704",
1048,0% –≤ —ç—Ç–æ–º –º–µ—Å—è—Ü–µ –∑–∞ –æ–ø–ª–∞—Ç—É –∫–∞—Ä—Ç–æ–π –ê–ª—å—Ñ–∞ –ü—ç–π,need_clarify,1746,"ask_details|ask_product|docs_policy::—É—Ç–æ—á–Ω–∏—Ç–µ –∫–∞—Ä—Ç—É/—Ç–∞—Ä–∏—Ñ –∏ –∫–∞–∫–∏–µ –ø–æ–∫—É–ø–∫–∏ –±—ã–ª–∏ —á–µ—Ä–µ–∑ –ê–ª—å—Ñ–∞ Pay (–∫–∞—Ç–µ–≥–æ—Ä–∏—è/MCC), –≥–¥–µ —Å–º–æ—Ç—Ä–∏—Ç–µ –∫—ç—à–±—ç–∫; –ø—Ä–æ–≤–µ—Ä–∏–º —É—Å–ª–æ–≤–∏—è –∏ –≤–æ–∑–º–æ–∂–Ω—ã–µ –∏—Å–∫–ª—é—á–µ–Ω–∏—è"
1331,–¢–æ –µ—Å—Ç—å –ø–æ –∏–¥–µ–∏ —Å–µ–≥–æ–¥–Ω—è —É–∂–µ –º–æ–≥—É—Ç –±—ã—Ç—å –≥–æ—Ç–æ–≤—ã –¥–æ–∫—É–º–µ–Ω—Ç—ã ,need_clarify,,"ask_details|ask_product|how_to_check::—É—Ç–æ—á–Ω–∏—Ç–µ, –ø–æ –∫–∞–∫–æ–º—É –ø—Ä–æ–¥—É–∫—Ç—É/–∑–∞—è–≤–∫–µ –∏ –∫–∞–∫–∏–µ –∏–º–µ–Ω–Ω–æ –¥–æ–∫—É–º–µ–Ω—Ç—ã; –≥–¥–µ –ø–æ–¥–∞—ë—Ç–µ (–ø—Ä–∏–ª–æ–∂–µ–Ω–∏–µ/–æ—Ñ–∏—Å) ‚Äî –ø–æ–¥—Å–∫–∞–∂—É, –≥–¥–µ –ø–æ—Å–º–æ—Ç—Ä–µ—Ç—å —Å—Ç–∞—Ç—É—Å –∏ —Å—Ä–æ–∫–∏ –≥–æ—Ç–æ–≤–Ω–æ—Å—Ç–∏."
6344,–≥–¥–µ –º–æ–∂–Ω–æ –æ—Ü–µ–Ω–∏—Ç—å –∫–æ–Ω—Å—É–ª—å—Ç–∞—Ü–∏—é?,need_clarify,862,"ask_channel|ask_details|ask_product::—É—Ç–æ—á–Ω–∏—Ç–µ, –∫–∞–∫—É—é –∫–æ–Ω—Å—É–ª—å—Ç–∞—Ü–∏—é —Ö–æ—Ç–∏—Ç–µ –æ—Ü–µ–Ω–∏—Ç—å (–∏–Ω–≤–µ—Å—Ç–∏—Ü–∏–∏/–∏–ø–æ—Ç–µ–∫–∞/–ø—Ä–µ–º–∏—É–º/–ø–æ–¥–¥–µ—Ä–∂–∫–∞) –∏ –≥–¥–µ –æ–Ω–∞ –±—ã–ª–∞ (—á–∞—Ç/–∑–≤–æ–Ω–æ–∫/–æ—Ñ–∏—Å/–ø—Ä–∏–ª–æ–∂–µ–Ω–∏–µ) ‚Äî –ø–æ–¥—Å–∫–∞–∂—É, –≥–¥–µ –æ—Å—Ç–∞–≤–∏—Ç—å –æ—Ç–∑—ã–≤/–æ—Ü–µ–Ω–∫—É."
6577,–ü—É—à —Å–æ–æ–±—â–µ–Ω–∏—è —ç—Ç–æ –≥–¥–µ? ,need_clarify,"1704,1705,1760,1761",ask_channel|ask_details|how_to_check::–ì–¥–µ –∏–º–µ–Ω–Ω–æ: –ø—Ä–∏–ª–æ–∂–µ–Ω–∏–µ –ê–ª—å—Ñ–∞-–û–Ω–ª–∞–π–Ω/–ê–ª—å—Ñ–∞-–ú–æ–±–∞–π–ª –∏–ª–∏ –≤–µ–±? –ü—Ä–æ –∫–∞–∫–∏–µ —É–≤–µ–¥–æ–º–ª–µ–Ω–∏—è (–ø–æ –æ–ø–µ—Ä–∞—Ü–∏—è–º/–º–∞—Ä–∫–µ—Ç–∏–Ω–≥/–≤–º–µ—Å—Ç–æ SMS)? –ü–æ–¥—Å–∫–∞–∂—É –≥–¥–µ –≤–∫–ª—é—á–∏—Ç—å –≤ –Ω–∞—Å—Ç—Ä–æ–π–∫–∞—Ö.
3859,–ó–¥—Ä–∞–≤—Å—Ç–≤—É–π—Ç–µ –∫—ç—à–±—ç–∫,need_clarify,"1201,1541,1624,1746","ask_details|ask_product|how_to_check::–£—Ç–æ—á–Ω–∏—Ç–µ, –ø–æ–∂–∞–ª—É–π—Å—Ç–∞: –∫—ç—à–±—ç–∫ –ø–æ –∫–∞–∫–æ–º—É –ø—Ä–æ–¥—É–∫—Ç—É/–∫–∞—Ä—Ç–µ –∏ —á—Ç–æ –Ω—É–∂–Ω–æ ‚Äî —É–∑–Ω–∞—Ç—å —É—Å–ª–æ–≤–∏—è, –≥–¥–µ –ø–æ—Å–º–æ—Ç—Ä–µ—Ç—å –Ω–∞—á–∏—Å–ª–µ–Ω–∏—è –∏–ª–∏ –ø–æ—á–µ–º—É –Ω–µ –Ω–∞—á–∏—Å–ª–∏–ª—Å—è (–¥–∞—Ç–∞/–∫–∞—Ç–µ–≥–æ—Ä–∏—è/–ø–∞—Ä—Ç–Ω—ë—Ä)?"
3415,–ö–∞–∫ –º–æ–∂–Ω–æ —Ä–µ–≥–∏—Å—Ç—Ä–∏—Ä–æ–≤–∞—Ç—å –∫–∞—Ä—Ç—É –±–µ–∑ –Ω–æ–º–µ—Ä–∞ —Ç–µ–ª–µ—Ñ–æ–Ω–∞,need_clarify,,ask_channel|ask_details|route_support::–£—Ç–æ—á–Ω–∏—Ç–µ: —á—Ç–æ –∑–Ω–∞—á–∏—Ç ‚Äò–∑–∞—Ä–µ–≥–∏—Å—Ç—Ä–∏—Ä–æ–≤–∞—Ç—å‚Äô (–∞–∫—Ç–∏–≤–∏—Ä–æ–≤–∞—Ç—å/–ø—Ä–∏–≤—è–∑–∞—Ç—å –∫ –ê–ª—å—Ñ–∞-–û–Ω–ª–∞–π–Ω/—Å–º–µ–Ω–∏—Ç—å –Ω–æ–º–µ—Ä)? –ö–∞—Ä—Ç–∞ –¥–µ–±–µ—Ç–æ–≤–∞—è –∏–ª–∏ –∫—Ä–µ–¥–∏—Ç–Ω–∞—è? –ï—Å—Ç—å –¥–æ—Å—Ç—É–ø –∫ —Å—Ç–∞—Ä–æ–º—É –Ω–æ–º–µ—Ä—É/SMS? –ï—Å–ª–∏ –Ω–æ–º–µ—Ä–∞ –Ω–µ—Ç ‚Äî –Ω—É–∂–µ–Ω –∫–æ–Ω—Ç–∞–∫—Ç —Å –ø–æ–¥–¥–µ—Ä–∂–∫–æ–π –∏–ª–∏ –æ—Ç–¥–µ–ª–µ–Ω–∏–µ–º –¥–ª—è —Å–º–µ–Ω—ã/–ø–æ–¥—Ç–≤–µ—Ä–∂–¥–µ–Ω–∏—è –¥–∞–Ω–Ω—ã—Ö.
961,"–Ø —Ö–æ—á—É —É—Å—Ç–∞–Ω–æ–≤–∏—Ç—å —Å–≤–æ–π –ø–∏–Ω–∫–æ–¥ –¥–ª—è –≤—Ö–æ–¥–∞ –≤ –ø—Ä–∏–ª–æ–∂–µ–Ω–∏–µ! –ù–æ –∏–∑ –∑–∞ –¥–≤—É—Ö –æ–¥–∏–Ω–∞–∫–æ–≤—ã—Ö —Ü–∏—Ñ—Ä –ø—Ä–∏–ª–æ–∂–µ–Ω–∏–µ –±–ª–æ–∫–∏—Ä—É–µ—Ç —Ç–∞–∫–æ–π –ø–∞—Ä–æ–ª—å! –ò —è –ø–æ—Å—Ç–æ—è–Ω–Ω–æ –µ–≥–æ –∑–∞–±—ã–≤–∞—é! –í–∞—à –¥–æ–ª–±–∞–Ω–Ω—ã–π –±–∞–Ω–∫, –µ–¥–∏–Ω—Å—Ç–≤–µ–Ω–Ω—ã–π –±–∞–Ω–∫ –∫–æ—Ç–æ—Ä—ã–π –Ω–µ –¥–∞–µ—Ç —É—Å—Ç–∞–Ω–æ–≤–∏—Ç—å –º–Ω–µ –ø—Ä–∏–≤—ã—á–Ω—ã–π –ø–∏–Ω –∫–æ–¥! ",need_clarify,"116,862","ask_details|route_support::–£—Ç–æ—á–Ω–∏—Ç—å: —ç—Ç–æ –∫–æ–¥ –¥–ª—è –≤—Ö–æ–¥–∞ –≤ –ê–ª—å—Ñ–∞-–ú–æ–±–∞–π–ª/–ê–ª—å—Ñ–∞-–û–Ω–ª–∞–π–Ω –∏–ª–∏ –ü–ò–ù –∫–∞—Ä—Ç—ã? iOS/Android, –≤–µ—Ä—Å–∏—è –ø—Ä–∏–ª–æ–∂–µ–Ω–∏—è, –≥–¥–µ –∏–º–µ–Ω–Ω–æ –±–ª–æ–∫–∏—Ä—É–µ—Ç (–≤—Ö–æ–¥/–ø–æ–¥—Ç–≤–µ—Ä–∂–¥–µ–Ω–∏–µ). –ï—Å–ª–∏ —Å–±—Ä–æ—Å/–≤–æ—Å—Å—Ç–∞–Ω–æ–≤–ª–µ–Ω–∏–µ –∫–æ–¥–∞ –Ω–µ –ø–æ–º–æ–≥–∞–µ—Ç ‚Äî –≤ –ê–ª—å—Ñ–∞-–ö–æ–Ω—Å—É–ª—å—Ç–∞–Ω—Ç/–ø–æ–¥–¥–µ—Ä–∂–∫—É."
4809,"–í —É–≤–µ–¥–æ–º–ª–µ–Ω–∏—è—Ö –Ω–µ—Ç, –Ω–æ —Å–æ–æ–±—â–µ–Ω–∏–µ –ø—Ä–∏—à–ª–æ –æ—Ç –∞–ª—å—Ñ–∞ –±–∞–Ω–∫ –∏ –æ—Ç –Ω–µ–≥–æ –ø—Ä–∏—Ö–æ–¥—è—Ç –≤—Å–µ –¥—Ä—É–≥–∏–µ —Å–º—Å",need_clarify,"1758,1760,1761,1762","ask_channel|ask_details|route_support::–≥–¥–µ –∏–º–µ–Ω–Ω–æ –Ω–µ—Ç —É–≤–µ–¥–æ–º–ª–µ–Ω–∏–π (–ø—Ä–∏–ª–æ–∂–µ–Ω–∏–µ/—Ü–µ–Ω—Ç—Ä —É–≤–µ–¥–æ–º–ª–µ–Ω–∏–π —Ç–µ–ª–µ—Ñ–æ–Ω–∞/–∏—Å—Ç–æ—Ä–∏—è –æ–ø–µ—Ä–∞—Ü–∏–π), iOS/Android, –≤–∫–ª—é—á–µ–Ω—ã –ª–∏ push –≤ –Ω–∞—Å—Ç—Ä–æ–π–∫–∞—Ö —Ç–µ–ª–µ—Ñ–æ–Ω–∞ –∏ –ê–ª—å—Ñ–∞-–ø—Ä–∏–ª–æ–∂–µ–Ω–∏—è, –Ω–µ—Ç –ª–∏ ‚Äú–ù–µ –±–µ—Å–ø–æ–∫–æ–∏—Ç—å/—Ñ–æ–∫—É—Å‚Äù, –∞–∫—Ç—É–∞–ª—å–Ω–∞ –ª–∏ –≤–µ—Ä—Å–∏—è; –µ—Å–ª–∏ –ø–æ—Å–ª–µ –ø—Ä–æ–≤–µ—Ä–∫–∏ –Ω–µ –ø–æ—è–≤–∏—Ç—Å—è ‚Äî –≤ —á–∞—Ç/–ø–æ–¥–¥–µ—Ä–∂–∫—É."
4982,–ó–¥—Ä–∞–≤—Å—Ç–≤—É–π—Ç–µ –µ—Å—Ç—å –æ—Ç–≤–µ—Ç –ø–æ –æ–±—Ä–∞—â–µ–Ω–∏—é –æ –≤—ã–ø–ª–∞—Ç–µ –∫–µ—à–±–µ–∫–∞ –∑–∞ –ø–µ—Ä–µ–≤–æ–¥ –ø–µ–Ω—Å–∏–∏? ,need_clarify,"125,423,1244","ask_details|ask_product|how_to_check|route_support::–ü–µ—Ä—Å–æ–Ω–∞–ª—å–Ω—ã–π –≤–æ–ø—Ä–æ—Å –ø–æ –Ω–∞—á–∏—Å–ª–µ–Ω–∏—é/–æ–±—Ä–∞—â–µ–Ω–∏—é: —É—Ç–æ—á–Ω–∏—Ç—å –ø–æ –∫–∞–∫–æ–π –∞–∫—Ü–∏–∏ (pension300/500), –¥–∞—Ç—É –ø–µ—Ä–µ–≤–æ–¥–∞ –ø–µ–Ω—Å–∏–∏, –æ—Ñ–æ—Ä–º–ª—è–ª–∏ –ª–∏ –ø–æ —Å—Å—ã–ª–∫–µ/—Ä–µ—Ñ–µ—Ä–∞–ª–∫–µ, –±—ã–ª–∞ –ª–∏ —Ä–∞–Ω–µ–µ –¥–µ–±–µ—Ç–æ–≤–∞—è –∫–∞—Ä—Ç–∞/—Å—á—ë—Ç, –≥–¥–µ –ø–æ–¥–∞–Ω–æ –æ–±—Ä–∞—â–µ–Ω–∏–µ –∏ –Ω–æ–º–µ—Ä ‚Äî –¥–∞–ª—å—à–µ –≤ –ø–æ–¥–¥–µ—Ä–∂–∫—É –¥–ª—è –ø—Ä–æ–≤–µ—Ä–∫–∏ —Å—Ç–∞—Ç—É—Å–∞."
2432,–ù–µ –ø—Ä–∏—Ö–æ–¥–∏—Ç sms –æ–± –æ–ø–µ—Ä–∞—Ü–∏—è—Ö  –û–Ω–∏ –¥–ª—è –º–µ–Ω—è –±–µ—Å–ø–ª–∞—Ç–Ω—ã–µ?,ok,"455,1752,1884",
4158,–ó–¥—Ä–∞–≤—Å—Ç–≤—É–π—Ç–µ. –ù–µ –º–æ–≥—É –ø–æ–Ω—è—Ç—å —á—Ç–æ –∑–∞ –ø—Ä–æ—Å—Ä–æ—á–∫–∞ –≤ –¥–≤–∞ –¥–Ω—è –Ω–∞ —Å—É–º–º—É 0000 —Ä—É–±–ª–µ–π ?,need_clarify,,ask_details|ask_product::–£—Ç–æ—á–Ω–∏—Ç–µ –ø—Ä–æ–¥—É–∫—Ç –∏ –¥–∞—Ç—É –ø–ª–∞—Ç–µ–∂–∞: –ø–æ –∫–∞–∫–æ–º—É –∫—Ä–µ–¥–∏—Ç—É –æ—Ç–æ–±—Ä–∞–∂–∞–µ—Ç—Å—è –ø—Ä–æ—Å—Ä–æ—á–∫–∞ –∏ –∫–∞–∫–æ–π –ø–ª–∞—Ç—ë–∂ –Ω–µ –±—ã–ª –≤–Ω–µ—Å—ë–Ω.
3169,–ö–∞–∫ –Ω–∞—Å—Ç—Ä–æ–∏—Ç—å –ø–µ—Ä–µ–≤–æ–¥—ã –ø–æ —Å–±–ø —Ä–µ–±–µ–Ω–∫—É ?,ok,"292,1555,1617",
5532,–î–æ—Ö–æ–¥—ã –±–∞–Ω–∫–∞,need_clarify,,"ask_details|ask_product::–£—Ç–æ—á–Ω–∏—Ç–µ, —á—Ç–æ –∏–º–µ–Ω–Ω–æ –ø—Ä–æ ‚Äú–¥–æ—Ö–æ–¥—ã –±–∞–Ω–∫–∞‚Äù –Ω—É–∂–Ω–æ: (1) –∫–∞–∫ –±–∞–Ω–∫ –∑–∞—Ä–∞–±–∞—Ç—ã–≤–∞–µ—Ç (–ø—Ä–æ—Ü–µ–Ω—Ç—ã/–∫–æ–º–∏—Å—Å–∏–∏/—ç–∫–≤–∞–π—Ä–∏–Ω–≥ –∏ —Ç.–ø.), (2) —Ñ–∏–Ω–∞–Ω—Å–æ–≤—ã–µ –ø–æ–∫–∞–∑–∞—Ç–µ–ª–∏/–ø—Ä–∏–±—ã–ª—å –ê–ª—å—Ñ–∞-–ë–∞–Ω–∫–∞, –∏–ª–∏ (3) –¥–æ—Ö–æ–¥ –ø–æ –≤–∞—à–µ–º—É –ø—Ä–æ–¥—É–∫—Ç—É (–≤–∫–ª–∞–¥/–∫—ç—à–±—ç–∫/–†–ö–û)"
6349,–ö–∞–∫ –ø–æ—Å—Ç–∞–≤–∏—Ç—å –æ—Ü–µ–Ω–∫—É?,need_clarify,862,"ask_details::–í—ã —Ö–æ—Ç–∏—Ç–µ –ø–æ—Å—Ç–∞–≤–∏—Ç—å –æ—Ü–µ–Ω–∫—É —á–µ–º—É –∏–º–µ–Ω–Ω–æ: –∫–æ–Ω—Å—É–ª—å—Ç–∞—Ü–∏–∏ –≤ —á–∞—Ç–µ/–ø–æ —Ç–µ–ª–µ—Ñ–æ–Ω—É, —Ä–∞–±–æ—Ç–µ –æ—Ç–¥–µ–ª–µ–Ω–∏—è –∏–ª–∏ –ø—Ä–∏–ª–æ–∂–µ–Ω–∏—é? –ì–¥–µ –≤—ã –ø–æ–ª—É—á–∞–ª–∏ —É—Å–ª—É–≥—É (–ø—Ä–∏–ª–æ–∂–µ–Ω–∏–µ, —Å–∞–π—Ç, –∑–≤–æ–Ω–æ–∫, –æ—Ç–¥–µ–ª–µ–Ω–∏–µ)?"
4181,–°–æ–≥–ª–∞—Å–µ–Ω –ø–ª–∞—Ç–∏—Ç—å 00 –º–µ—Å—è—Ü–µ–≤ –ø–æ 0000.00.—Å–æ—Å—Ç–∞–≤—å—Ç–µ –≥—Ä–∞—Ñ–∏–∫ –ø–ª–∞—Ç–µ–∂–µ–π –∏ —Å –æ–∫—Ç—è–±—Ä—è –Ω–∞—á–Ω—É –≥–∞—Å–∏—Ç—å –¥–æ–ª–≥,need_clarify,1705,"ask_details|ask_product::–ù—É–∂–µ–Ω —Ç–∏–ø –∫—Ä–µ–¥–∏—Ç–∞ –∏–ª–∏ –¥–æ–≥–æ–≤–æ—Ä–∞ (–∫—Ä–µ–¥–∏—Ç, —Ä–∞—Å—Å—Ä–æ—á–∫–∞, –∫–∞—Ä—Ç–∞), —Å—Ç–∞–≤–∫–∞ –∏ —Ç–µ–∫—É—â–∏–π –æ—Å—Ç–∞—Ç–æ–∫ –¥–æ–ª–≥–∞. –ë–µ–∑ —ç—Ç–∏—Ö –¥–∞–Ω–Ω—ã—Ö –Ω–µ–≤–æ–∑–º–æ–∂–Ω–æ —Å–æ—Å—Ç–∞–≤–∏—Ç—å –≥—Ä–∞—Ñ–∏–∫ –ø–ª–∞—Ç–µ–∂–µ–π."
4484,–ó–¥—Ä–∞–≤—Å—Ç–≤—É–π—Ç–µ. –ú–Ω–µ –Ω—É–∂–Ω—ã —Ä–µ–∫–≤–∏–∑–∏—Ç—ã –∫–∞—Ä—Ç—ã.,ok,"862,1067,1760",
240,–ü—Ä–æ—à—ë–ª –ª–∏ –ø–ª–∞—Ç—ë–∂?,need_clarify,1159,"ask_details::–£—Ç–æ—á–Ω–∏—Ç–µ, –ø–æ–∂–∞–ª—É–π—Å—Ç–∞, –æ –∫–∞–∫–æ–º –ø–ª–∞—Ç–µ–∂–µ –∏–¥—ë—Ç —Ä–µ—á—å: –ø–æ –∫–∞—Ä—Ç–µ –∏–ª–∏ –ø–æ —Ä–µ–∫–≤–∏–∑–∏—Ç–∞–º, —Ä–∞–∑–æ–≤—ã–π –∏–ª–∏ –∞–≤—Ç–æ–ø–ª–∞—Ç—ë–∂, –∏ –¥–ª—è —Ñ–∏–∑–∏—á–µ—Å–∫–æ–≥–æ –ª–∏—Ü–∞ –∏–ª–∏ –±–∏–∑–Ω–µ—Å–∞. –¢–∞–∫–∂–µ –≤–∞–∂–Ω–æ ‚Äî –≤—ã –ø—Ä–æ–≤–µ—Ä—è–µ—Ç–µ —Å–ø–∏—Å–∞–Ω–∏–µ –∏–ª–∏ –∑–∞—á–∏—Å–ª–µ–Ω–∏–µ —Å—Ä–µ–¥—Å—Ç–≤?"
995,–ë—ã–ª –ª–∏ –≤–æ–∑–≤—Ä–∞—Ç –¥–µ–Ω–µ–≥ –æ—Ç –ú–¢–° –∑–∞ –æ—à–∏–±–æ—á–Ω–æ —Å–ø–∏—Å–∞–Ω–Ω—ã–π –∞–≤—Ç–æ–ø–ª–∞—Ç–µ–∂?,need_clarify,"698,1704,1705","route_support::–†–µ—á—å –∏–¥—ë—Ç –æ –∫–æ–Ω–∫—Ä–µ—Ç–Ω–æ–º –∞–≤—Ç–æ–ø–ª–∞—Ç–µ–∂–µ –∏ –≤–æ–∑–º–æ–∂–Ω–æ–º –≤–æ–∑–≤—Ä–∞—Ç–µ —Å—Ä–µ–¥—Å—Ç–≤.  –ë–µ–∑ –∏–Ω—Ñ–æ—Ä–º–∞—Ü–∏–∏ –æ –¥–∞—Ç–µ —Å–ø–∏—Å–∞–Ω–∏—è, —Ç–∏–ø–µ –∞–≤—Ç–æ–ø–ª–∞—Ç–µ–∂–∞ (–∫–∞—Ä—Ç–∞/—Å—á—ë—Ç),  —Å—Ç–∞—Ç—É—Å–µ –æ–ø–µ—Ä–∞—Ü–∏–∏ –∏ –æ–±—Ä–∞—â–µ–Ω–∏–∏ –≤ –ø–æ–¥–¥–µ—Ä–∂–∫—É –Ω–µ–≤–æ–∑–º–æ–∂–Ω–æ –ø–æ–¥—Ç–≤–µ—Ä–¥–∏—Ç—å —Ñ–∞–∫—Ç –≤–æ–∑–≤—Ä–∞—Ç–∞."
3067,"–Ø –æ—Ç–∫–ª—é—á–∞–ª —Å–º—Å –æ–ø–æ–≤–µ—â–µ–Ω–∏–µ, –ø–æ—á–µ–º—É —Å–ø–∏—Å–∞–Ω–∞ –∫–æ–º–∏—Å—Å–∏—è?",ok,"98,1752,1755",
3316,–î–æ–±—Ä—ã–π –¥–µ–Ω—å –∞ –∫–∞–∫ –ø–æ–¥–∫–ª—é—á–∏—Ç—å –∞–ª—å—Ñ–∞ –ø–µ–π,ok,"455,1523",
6137,–°–µ—Ä–≤–∏—Å –ê–ª—å—Ñ–∞-–ó–∞–ø—Ä–∞–≤–∫–∞ –≥–¥–µ –Ω–∞–π—Ç–∏ ,ok,"88,1704,1705",
5685,"–î–æ–±—Ä—ã–π –¥–µ–Ω—å! –ü–æ–¥—Å–∫–∞–∂–∏—Ç–µ, –∫–∞–∫–∏–º –æ–±—Ä–∞–∑–æ–º —Ä–µ—à–∏–ª—Å—è —Å–æ–π –≤–æ–ø—Ä–æ—Å –ø–æ –∫—ç—à–±—ç–∫—É? –†–∞–Ω–µ–µ –ø–∏—Å–∞–ª–∞ –∑–¥–µ—Å—å –≤ —á–∞—Ç.",need_clarify,1063,"ask_details::–£—Ç–æ—á–Ω–∏—Ç–µ, –ø–æ–∂–∞–ª—É–π—Å—Ç–∞, –ø–æ –∫–∞–∫–æ–º—É –ø—Ä–æ–¥—É–∫—Ç—É –±—ã–ª –≤–æ–ø—Ä–æ—Å –æ –∫—ç—à–±—ç–∫–µ (–∫–∞—Ä—Ç–∞/–∞–∫—Ü–∏—è), –¥–∞—Ç—É –æ–ø–µ—Ä–∞—Ü–∏–∏ –∏ –∫–∞–∫ –≤—ã –æ–±—Ä–∞—â–∞–ª–∏—Å—å —Ä–∞–Ω–µ–µ (—á–∞—Ç, –∑–≤–æ–Ω–æ–∫). –ë–µ–∑ –ø–µ—Ä—Å–æ–Ω–∞–ª—å–Ω—ã—Ö –¥–∞–Ω–Ω—ã—Ö. –≠—Ç–æ –ø–æ–º–æ–∂–µ—Ç –ø–æ–Ω—è—Ç—å, –ø–æ –∫–∞–∫–æ–º—É –ø—Ä–∞–≤–∏–ª—É –±—ã–ª –ø—Ä–∏–Ω—è—Ç –∏—Ç–æ–≥–æ–≤—ã–π —Ä–µ–∑—É–ª—å—Ç–∞—Ç."
6126,–ì–¥–µ –Ω–∞–π—Ç–∏ –º–æ–∏ —à–∞–±–ª–æ–Ω—ã?,need_clarify,"616,1607","ask_channel|ask_product::–£—Ç–æ—á–Ω–∏—Ç–µ, –ø–æ–∂–∞–ª—É–π—Å—Ç–∞, –≥–¥–µ –≤—ã —Ä–∞–±–æ—Ç–∞–µ—Ç–µ: –ê–ª—å—Ñ–∞-–û–Ω–ª–∞–π–Ω (—Ñ–∏–∑–ª–∏—Ü–æ) / –ê–ª—å—Ñ–∞-–ë–∏–∑–Ω–µ—Å / –¥—Ä—É–≥–æ–π —Å–µ—Ä–≤–∏—Å ‚Äî –∏ –∫–∞–∫–∏–µ ‚Äú—à–∞–±–ª–æ–Ω—ã‚Äù –∏–º–µ–µ—Ç–µ –≤ –≤–∏–¥—É (–ø–ª–∞—Ç–µ–∂–∏/–ø–µ—Ä–µ–≤–æ–¥—ã/–¥–æ–∫—É–º–µ–Ω—Ç—ã/—Å–∞–π—Ç). –¢–æ–≥–¥–∞ –ø–æ–¥—Å–∫–∞–∂–µ–º —Ç–æ—á–Ω—ã–π –ø—É—Ç—å –≤ –º–µ–Ω—é."
4048,–ó–¥—Ä–∞–≤—Å—Ç–≤—É–π—Ç–µ. –ù–∞ —Å—á–µ—Ç—É —Ä–∞—Å—Å—Ä–æ—á–∫–∏ –æ—Å—Ç–∞–ª–∏—Å—å –º–æ–∏ –ª–∏—á–Ω—ã–µ —Å—Ä–µ–¥—Å—Ç–≤–∞. –ö–∞–∫ —è –º–æ–≥—É –∏—Ö –ø–æ–ª—É—á–∏—Ç—å?,need_clarify,1518,"ask_details::–£—Ç–æ—á–Ω–∏—Ç–µ, –ø–æ–∂–∞–ª—É–π—Å—Ç–∞, —á–µ–π –∫–æ—Ä—Ä–µ—Å–ø–æ–Ω–¥–µ–Ω—Ç—Å–∫–∏–π —Å—á—ë—Ç –≤—ã —Ö–æ—Ç–∏—Ç–µ —É–∑–Ω–∞—Ç—å: —Ä–µ–∫–≤–∏–∑–∏—Ç—ã –ê–û ¬´–ê–ª—å—Ñ–∞-–ë–∞–Ω–∫¬ª, –∫–æ–Ω–∫—Ä–µ—Ç–Ω–æ–≥–æ —Ñ–∏–ª–∏–∞–ª–∞ –∏–ª–∏ —Å—á—ë—Ç –¥–ª—è –ø–µ—Ä–µ–≤–æ–¥–∞ –∫–æ–Ω–∫—Ä–µ—Ç–Ω–æ–º—É –ø–æ–ª—É—á–∞—Ç–µ–ª—é?"
1722,"–ó–¥—Ä–∞–≤—Å—Ç–≤—É–π—Ç–µ, –∫–∞–∫ —è –º–æ–≥—É —É–∑–Ω–∞—Ç—å –∫–æ—Ä—Ä–µ—Å–ø–æ–Ω–¥–µ–Ω—Ç—Å–∫–∏–π —Å—á–µ—Ç",need_clarify,1782,"ask_details::–£—Ç–æ—á–Ω–∏—Ç–µ, –ø–æ–∂–∞–ª—É–π—Å—Ç–∞, —á–µ–π –∫–æ—Ä—Ä–µ—Å–ø–æ–Ω–¥–µ–Ω—Ç—Å–∫–∏–π —Å—á—ë—Ç –≤—ã —Ö–æ—Ç–∏—Ç–µ —É–∑–Ω–∞—Ç—å: —Ä–µ–∫–≤–∏–∑–∏—Ç—ã –ê–û ¬´–ê–ª—å—Ñ–∞-–ë–∞–Ω–∫¬ª, –∫–æ–Ω–∫—Ä–µ—Ç–Ω–æ–≥–æ —Ñ–∏–ª–∏–∞–ª–∞ –∏–ª–∏ —Å—á—ë—Ç –¥–ª—è –ø–µ—Ä–µ–≤–æ–¥–∞ –∫–æ–Ω–∫—Ä–µ—Ç–Ω–æ–º—É –ø–æ–ª—É—á–∞—Ç–µ–ª—é?"
1942,–ë–∞–ª–∞–Ω—Å–∞ –Ω–µ—Ç,need_clarify,1536,"ask_details::–£—Ç–æ—á–Ω–∏—Ç–µ, –ø–æ–∂–∞–ª—É–π—Å—Ç–∞, —á—Ç–æ –≤—ã –∏–º–µ–µ—Ç–µ –≤ –≤–∏–¥—É: –±–∞–ª–∞–Ω—Å –∫–∞–∫–æ–≥–æ –ø—Ä–æ–¥—É–∫—Ç–∞ –Ω–µ –æ—Ç–æ–±—Ä–∞–∂–∞–µ—Ç—Å—è (–∫–∞—Ä—Ç–∞, —Å—á—ë—Ç, –≤–∫–ª–∞–¥) –∏ –≥–¥–µ –∏–º–µ–Ω–Ω–æ –≤—ã –µ–≥–æ —Å–º–æ—Ç—Ä–∏—Ç–µ ‚Äî –≤ –º–æ–±–∏–ª—å–Ω–æ–º –ø—Ä–∏–ª–æ–∂–µ–Ω–∏–∏ –∏–ª–∏ –≤ –∏–Ω—Ç–µ—Ä–Ω–µ—Ç-–±–∞–Ω–∫–µ?"
246,–ø–æ—á–µ–º—É –Ω–µ –ø–æ–∫–∞–∑—ã–≤–∞–µ—Ç —Ä–µ–∫–≤–∏–∑–∏—Ç—ã? ,need_clarify,"368,1704","ask_details::–£—Ç–æ—á–Ω–∏—Ç–µ, –ø–æ–∂–∞–ª—É–π—Å—Ç–∞, –∫–∞–∫–∏–µ –∏–º–µ–Ω–Ω–æ —Ä–µ–∫–≤–∏–∑–∏—Ç—ã –Ω–µ –æ—Ç–æ–±—Ä–∞–∂–∞—é—Ç—Å—è (–∫–∞—Ä—Ç—ã, —Å—á—ë—Ç–∞ –∏–ª–∏ –¥–ª—è –ø–µ—Ä–µ–≤–æ–¥–∞) –∏ –≥–¥–µ –≤—ã –∏—Ö —Å–º–æ—Ç—Ä–∏—Ç–µ ‚Äî –≤ –º–æ–±–∏–ª—å–Ω–æ–º –ø—Ä–∏–ª–æ–∂–µ–Ω–∏–∏ –∏–ª–∏ –∏–Ω—Ç–µ—Ä–Ω–µ—Ç-–±–∞–Ω–∫–µ?"
5471,–∫–∞–∫ –ø–æ–º–µ–Ω—è—Ç—å –ø–∏–Ω –∫–æ–¥ –Ω–∞ –∫–∞—Ä—Ç–µ?,ok,"1904,1907",
5854,"–î–æ–±—Ä—ã–π –¥–µ–Ω—å! –Ø –ª–∏–∫–≤–∏–¥–∏—Ä–æ–≤–∞–ª–∞ –∫–æ–º–ø–∞–Ω–∏—é —Å —Å—á–µ—Ç–æ–º –≤ –≤–∞—à–µ–º –±–∞–Ω–∫–µ, —Å—á–µ—Ç –∑–∞–∫—Ä—ã–ª–∏, –Ω–æ —Ç–∞–º –±—ã–ª –æ—Å—Ç–∞—Ç–æ–∫ —Å—Ä–µ–¥—Å—Ç–≤. –ï—Å—Ç—å –≤–æ–∑–º–æ–∂–Ω–æ—Å—Ç—å –ø–æ–ª—É—á–∏—Ç—å —Å—Ä–µ–¥—Å—Ç–≤–∞ –Ω–∞ –ª–∏—á–Ω—ã–π —Å—á–µ—Ç",need_clarify,615,route_support::–ü–æ—Å–ª–µ –ª–∏–∫–≤–∏–¥–∞—Ü–∏–∏ –∫–æ–º–ø–∞–Ω–∏–∏ –æ—Å—Ç–∞—Ç–æ–∫ —Å—Ä–µ–¥—Å—Ç–≤ –ø–µ—Ä–µ—á–∏—Å–ª—è–µ—Ç—Å—è –ø–æ –∑–∞—è–≤–ª–µ–Ω–∏—é —Å –ø–æ–¥—Ç–≤–µ—Ä–∂–¥–∞—é—â–∏–º–∏ –¥–æ–∫—É–º–µ–Ω—Ç–∞–º–∏. –ù–µ–æ–±—Ö–æ–¥–∏–º–æ –æ–±—Ä–∞—Ç–∏—Ç—å—Å—è –≤ –±–∞–Ω–∫.
6166,–ù–µ –æ—Ç–æ–±—Ä–∞–∂–∞—é—Ç—Å—è –∑–∞–ø—Ä–∞–≤–∫–∏,need_clarify,"1704,1705","ask_details::–£—Ç–æ—á–Ω–∏—Ç–µ, –≥–¥–µ –∏–º–µ–Ω–Ω–æ –Ω–µ –æ—Ç–æ–±—Ä–∞–∂–∞—é—Ç—Å—è –∑–∞–ø—Ä–∞–≤–∫–∏: –≤ –º–æ–±–∏–ª—å–Ω–æ–º –ø—Ä–∏–ª–æ–∂–µ–Ω–∏–∏, –Ω–∞ –∫–∞—Ä—Ç–µ –∏–ª–∏ –≤ –∫–æ–Ω–∫—Ä–µ—Ç–Ω–æ–º —Ä–µ–≥–∏–æ–Ω–µ."
3608,–ö–∞–∫ —Å–Ω—è—Ç—å –æ–≥—Ä–∞–Ω–∏—á–µ–Ω–∏–µ –ª–∏–º–∏—Ç–∞ —Å –∫–∞—Ä—Ç—ã,need_clarify,1548,"ask_details::–£—Ç–æ—á–Ω–∏—Ç–µ, –∫–∞–∫–æ–π –∏–º–µ–Ω–Ω–æ –ª–∏–º–∏—Ç –≤—ã —Ö–æ—Ç–∏—Ç–µ —Å–Ω—è—Ç—å: –Ω–∞ —Å–Ω—è—Ç–∏–µ –Ω–∞–ª–∏—á–Ω—ã—Ö, –æ–ø–µ—Ä–∞—Ü–∏–∏ –∏–ª–∏ –∫—Ä–µ–¥–∏—Ç–Ω—ã–π –ª–∏–º–∏—Ç, –∏ –ø–æ –∫–∞–∫–æ–π –∫–∞—Ä—Ç–µ."
38,"–†–∞—Å—á—ë—Ç–Ω—ã–π —Å—á—ë—Ç, –≥–¥–µ –ø–æ—Å–º–æ—Ç—Ä–µ—Ç—å?",ok,"368,372,1607",
3465,"–î–æ–±—Ä—ã–π –¥–µ–Ω—å! –û—Ñ–æ—Ä–º–∏–ª–∞ –≤—á–µ—Ä–∞ –∫—Ä–µ–¥–∏—Ç –Ω–∞ —Ä–µ—Ñ–∏–Ω–∞–Ω—Å–∏—Ä–æ–≤–∞–Ω–∏–µ, –Ω–æ –¥–µ–Ω—å–≥–∏ —Ç–∞–∫ –∏ –Ω–µ –ø–æ—Å—Ç—É–ø–∏–ª–∏ –Ω–∞ —Å—á–µ—Ç",need_clarify,"211,979,981","ask_details|ask_product|how_to_check|route_support::–£—Ç–æ—á–Ω–∏—Ç–µ –ø—Ä–æ–¥—É–∫—Ç (–∫—Ä–µ–¥–∏—Ç/–∫–∞—Ä—Ç–∞/–∏–ø–æ—Ç–µ–∫–∞), –∫—É–¥–∞ –¥–æ–ª–∂–Ω—ã –ø–æ—Å—Ç—É–ø–∏—Ç—å –¥–µ–Ω—å–≥–∏ –∏ —Å—Ç–∞—Ç—É—Å –∑–∞—è–≤–∫–∏ –≤ –ø—Ä–∏–ª–æ–∂–µ–Ω–∏–∏."
5632,–ó–¥—Ä–∞–≤—Å—Ç–≤—É–π—Ç–µ! –Ø —Ä–µ–∫–æ–º–µ–Ω–¥–æ–≤–∞–ª–∞ –º—É–∂—É –∫–∞—Ä—Ç—É –∞–ª—å—Ñ–∞ –∏ —Å—Ç–∏–∫–µ—Ä ,need_clarify,,"ask_details|ask_product::–£—Ç–æ—á–Ω–∏—Ç–µ, —á—Ç–æ –∏–º–µ–Ω–Ω–æ –≤—ã –æ–∂–∏–¥–∞–µ—Ç–µ –ø–æ —Ä–µ–∫–æ–º–µ–Ω–¥–∞—Ü–∏–∏ (–Ω–∞—á–∏—Å–ª–µ–Ω–∏–µ –±–æ–Ω—É—Å–∞/–∫—ç—à–±—ç–∫–∞), –∫–∞–∫–æ–π –ø—Ä–æ–¥—É–∫—Ç –æ—Ñ–æ—Ä–º–∏–ª –º—É–∂ (–∫–∞—Ä—Ç–∞/—Å—Ç–∏–∫–µ—Ä) –∏ –ø—Ä–æ—à—ë–ª –ª–∏ –æ–Ω —É—Å–ª–æ–≤–∏—è –∞–∫—Ü–∏–∏."
697,–ü–æ–ø–æ–ª–Ω—è—é –∫—Ä–µ–¥–∏—Ç–Ω—ã–π –¥–æ–ª–≥ –∫–∞–∫ –º–æ–≥—É –≤ —Å–≤—è–∑–∏ —Å –∑–∞–¥–µ—Ä–∂–∫–æ–π –≤—ã–ø–ª–∞—Ç  ,need_clarify,1680,"ask_details|ask_product|route_support::–£—Ç–æ—á–Ω–∏—Ç–µ, –ø–æ –∫–∞–∫–æ–º—É –∫—Ä–µ–¥–∏—Ç—É —Ä–µ—á—å (–∫–∞—Ä—Ç–∞/–∫—Ä–µ–¥–∏—Ç –Ω–∞–ª–∏—á–Ω—ã–º–∏), –µ—Å—Ç—å –ª–∏ —É–∂–µ –ø—Ä–æ—Å—Ä–æ—á–∫–∞ –∏ —á—Ç–æ –∏–º–µ–Ω–Ω–æ –≤—ã —Ö–æ—Ç–∏—Ç–µ —É–∑–Ω–∞—Ç—å ‚Äî –≤–∞—Ä–∏–∞–Ω—Ç—ã –ø–æ–º–æ—â–∏, –∫–∞–Ω–∏–∫—É–ª—ã –∏–ª–∏ –ø–æ—Å–ª–µ–¥—Å—Ç–≤–∏—è."
3208,–ö—Ä–∞—Å–æ—Ç–∞ —á–µ—Ä–µ–∑ Alfa Pey,need_clarify,,"ask_details|ask_product::—É—Ç–æ—á–Ω–∏—Ç–µ, —á—Ç–æ –∑–Ω–∞—á–∏—Ç ¬´–∫—Ä–∞—Å–æ—Ç–∞ —á–µ—Ä–µ–∑ Alfa Pay¬ª: –ø—Ä–æ –∫—ç—à–±—ç–∫/–∫–∞—Ç–µ–≥–æ—Ä–∏—é ¬´–ö—Ä–∞—Å–æ—Ç–∞¬ª –ø—Ä–∏ –æ–ø–ª–∞—Ç–µ Alfa Pay –∏–ª–∏ –ø—Ä–æ –ø–æ–¥–∫–ª—é—á–µ–Ω–∏–µ/–æ–ø–ª–∞—Ç—É; –ø–æ –∫–∞–∫–æ–π –∫–∞—Ä—Ç–µ/–ø—Ä–æ–≥—Ä–∞–º–º–µ?"
102,–ú–æ–∏ —Å—á–µ—Ç–∞,need_clarify,,"ask_channel|ask_details::—É—Ç–æ—á–Ω–∏—Ç–µ, –≥–¥–µ —Ö–æ—Ç–∏—Ç–µ —É–≤–∏–¥–µ—Ç—å ¬´–ú–æ–∏ —Å—á–µ—Ç–∞¬ª (–ø—Ä–∏–ª–æ–∂–µ–Ω–∏–µ/–ê–ª—å—Ñ–∞-–û–Ω–ª–∞–π–Ω/—Ç–µ–ª–µ—Ñ–æ–Ω) –∏ —á—Ç–æ –∏–º–µ–Ω–Ω–æ –Ω—É–∂–Ω–æ: —Å–ø–∏—Å–æ–∫ –≤—Å–µ—Ö —Å—á–µ—Ç–æ–≤, —Ä–µ–∫–≤–∏–∑–∏—Ç—ã/–æ—Å—Ç–∞—Ç–∫–∏ –∏–ª–∏ —Å—á—ë—Ç/–∫–∞—Ä—Ç–∞ –Ω–µ –æ—Ç–æ–±—Ä–∞–∂–∞–µ—Ç—Å—è"
3356,–ê 00 —Ä—É–±/–º–µ—Å—è—Ü –∑–∞ —É–≤–µ–¥–æ–º–ª–µ–Ω–∏—è —ç—Ç–æ –ø–æ –æ–¥–Ω–æ–π –∫–∞—Ä—Ç–µ –∏–ª–∏ –∑–∞ –≤—Å–µ —Å—Ä–∞–∑—É?,ok,"164,1759",
133,"–ó–¥—Ä–∞–≤—Å—Ç–≤—É–π—Ç–µ, –º–Ω–µ —É–≤–µ–¥–æ–º–ª–µ–Ω–∏—è –Ω–µ –ø—Ä–∏—Ö–æ–¥—è—Ç –∫–∞–∫ –æ –ø–æ–ø–æ–ª–Ω–µ–Ω–∏—è—Ö",need_clarify,,"ask_channel|ask_details|ask_product|how_to_check::—É—Ç–æ—á–Ω–∏—Ç–µ, –ø–æ –∫–∞–∫–æ–º—É –ø—Ä–æ–¥—É–∫—Ç—É (–∫–∞—Ä—Ç–∞/—Å—á—ë—Ç) –∏ –≥–¥–µ –∂–¥—ë—Ç–µ —É–≤–µ–¥–æ–º–ª–µ–Ω–∏—è (—Å–º—Å/–ø—É—à, –ø—Ä–∏–ª–æ–∂–µ–Ω–∏–µ/–ê–ª—å—Ñ–∞-–û–Ω–ª–∞–π–Ω); –ø—Ä–∏—Ö–æ–¥—è—Ç –ª–∏ —É–≤–µ–¥–æ–º–ª–µ–Ω–∏—è –æ —Å–ø–∏—Å–∞–Ω–∏—è—Ö –∏ –≤–∫–ª—é—á–µ–Ω—ã –ª–∏ –∫–∞—Ç–µ–≥–æ—Ä–∏–∏ —É–≤–µ–¥–æ–º–ª–µ–Ω–∏–π/—Ä–∞–∑—Ä–µ—à–µ–Ω–∏—è –≤ —Ç–µ–ª–µ—Ñ–æ–Ω–µ"
2821,–¢–∞–∫—Å–∏ –º–æ–∂–Ω–æ –æ–ø–ª–∞—á–∏–≤–∞—Ç—å —ç—Ç–æ–π –∫–∞—Ä—Ç–æ–π?,ok,"1538,1556",
544,–ö–æ–≥–¥–∞ –∑–∞–∫–∞–Ω—á–∏–≤–∞–µ—Ç—Å—è —Å—Ä–æ–∫ –∫–∞—Ä—Ç—ã,ok,"1526,1704",
6516,–ü–∏—Å—å–º–∞ –æ—Ç –±–∞–Ω–∫–∞ –ø–æ –∫–∞–∫–æ–º—É –∞–¥—Ä–µ—Å—É –±—É–¥—É—Ç —É—Ö–æ–¥–∏—Ç—å ?,ok,"1704,1705",
577,0 –º–∞—è —É –≤–∞—Å –±—É–¥–Ω–∏–π –¥–µ–Ω—å,need_clarify,,ask_channel|ask_details::—É—Ç–æ—á–Ω–∏—Ç–µ —Ç–æ—á–Ω—É—é –¥–∞—Ç—É (–≤ –∑–∞–ø—Ä–æ—Å–µ ‚Äú0 –º–∞—è‚Äù) –∏ —á—Ç–æ –∏–º–µ–µ—Ç—Å—è –≤ –≤–∏–¥—É: –≥—Ä–∞—Ñ–∏–∫ —Ä–∞–±–æ—Ç—ã –æ—Ç–¥–µ–ª–µ–Ω–∏—è/–ø–æ–¥–¥–µ—Ä–∂–∫–∏ –∏–ª–∏ ¬´–±–∞–Ω–∫–æ–≤—Å–∫–∏–π –¥–µ–Ω—å¬ª –¥–ª—è –æ–ø–µ—Ä–∞—Ü–∏–π (–∏ –≥–¥–µ –∏–º–µ–Ω–Ω–æ ‚Äî –æ—Ñ–∏—Å/–ø—Ä–∏–ª–æ–∂–µ–Ω–∏–µ)
6209,–ê –∫–æ–º–ø–µ–Ω—Å–∞—Ü–∏—è –∑–∞ –ø—Ä–µ–¥–æ—Å—Ç–∞–≤–ª–µ–Ω–∏–µ –Ω–µ—É–¥–æ–±—Å—Ç–≤.–í—Ä–µ–º—è —Ü,need_clarify,,"ask_channel|ask_details|route_support::—É—Ç–æ—á–Ω–∏—Ç–µ, –∫–∞–∫–∏–µ –∏–º–µ–Ω–Ω–æ ¬´–Ω–µ—É–¥–æ–±—Å—Ç–≤–∞¬ª –∏ –∑–∞ –∫–∞–∫–æ–π –ø–µ—Ä–∏–æ–¥ (—á—Ç–æ –ø—Ä–æ–∏–∑–æ—à–ª–æ, –∫–æ–≥–¥–∞, –ø–æ –∫–∞–∫–æ–º—É –ø—Ä–æ–¥—É–∫—Ç—É/—É—Å–ª—É–≥–µ); –≤–æ–ø—Ä–æ—Å –ø—Ä–æ –∫–æ–º–ø–µ–Ω—Å–∞—Ü–∏—é —Ä–µ—à–∞–µ—Ç—Å—è –∏–Ω–¥–∏–≤–∏–¥—É–∞–ª—å–Ω–æ —á–µ—Ä–µ–∑ —á–∞—Ç/–ø–æ–¥–¥–µ—Ä–∂–∫—É"
1316,–ö–∞–∫ –æ—Ç–∫–ª—é—á–∏—Ç—å –∞–≤—Ç–æ–ø–æ–ø–æ–ª–Ω–µ–Ω–∏–µ –±—Ä–æ–∫–µ—Ä—Å–∫–æ–≥–æ —Å—á–µ—Ç–∞,ok,"1304,1936",
4376,–ø–æ–¥—Å–∫–∞–∂–∏—Ç–µ –ø–æ—á–µ–º—É —è –Ω–µ –º–æ–≥—É –≤–æ–π—Ç–∏ —á–µ—Ä–µ–∑ –ø—Ä–∏–ª–æ–∂–µ–Ω–∏–µ –∏ –∑–∞–ø—Ä–∞–≤–ª—è—Ç—å –º–∞—à–∏–Ω—É ,need_clarify,"45,116,1521","ask_channel|ask_details|ask_product|route_support::–ø–æ—Ö–æ–∂–µ –Ω–∞ –ø–µ—Ä—Å–æ–Ω–∞–ª—å–Ω—ã–π/—Ç–µ—Ö–Ω–∏—á–µ—Å–∫–∏–π –∫–µ–π—Å: –Ω—É–∂–Ω–æ —É—Ç–æ—á–Ω–∏—Ç—å –∫–∞–∫–æ–µ –∏–º–µ–Ω–Ω–æ –ø—Ä–∏–ª–æ–∂–µ–Ω–∏–µ (–ê–ª—å—Ñ–∞-–ë–∞–Ω–∫ / AlfaCASH / –¥—Ä—É–≥–æ–µ), —á—Ç–æ –∑–∞ –æ—à–∏–±–∫–∞ –ø—Ä–∏ –≤—Ö–æ–¥–µ (—Ç–µ–∫—Å—Ç/–∫–æ–¥), –∏ –∫–∞–∫ –∏–º–µ–Ω–Ω–æ ‚Äú–∑–∞–ø—Ä–∞–≤–ª—è–µ—Ç–µ —á–µ—Ä–µ–∑ –ø—Ä–∏–ª–æ–∂–µ–Ω–∏–µ‚Äù (–∫–∞–∫–æ–π —Å–µ—Ä–≤–∏—Å/–ê–ó–°)."
1920,–ê –≥–¥–µ —Å–º–æ—Ç—Ä–µ—Ç—å —ç—Ç–æ—Ç —Å—á—ë—Ç,need_clarify,"884,1270","ask_channel|ask_details|ask_product|how_to_check|route_support::–ü–æ—è—Å–Ω–∏—Ç–µ, –ø–æ–∂–∞–ª—É–π—Å—Ç–∞, –∫–∞–∫–æ–π –∏–º–µ–Ω–Ω–æ —Å—á—ë—Ç –≤—ã –∏–º–µ–µ—Ç–µ –≤ –≤–∏–¥—É (–∫–∞—Ä—Ç–æ—á–Ω—ã–π/—Ç–µ–∫—É—â–∏–π, –Ω–∞–∫–æ–ø–∏—Ç–µ–ª—å–Ω—ã–π, –∫—Ä–µ–¥–∏—Ç–Ω—ã–π, –±—Ä–æ–∫–µ—Ä—Å–∫–∏–π –≤ –ê–ª—å—Ñ–∞-–ò–Ω–≤–µ—Å—Ç–∏—Ü–∏—è—Ö –∏ —Ç.–ø.) –∏ –≥–¥–µ —Å–º–æ—Ç—Ä–∏—Ç–µ ‚Äî –≤ –º–æ–±–∏–ª—å–Ω–æ–º –ø—Ä–∏–ª–æ–∂–µ–Ω–∏–∏, –≤ –ê–ª—å—Ñ–∞-–û–Ω–ª–∞–π–Ω (–≤–µ–±) –∏–ª–∏ –≤ –ê–ª—å—Ñ–∞-–ò–Ω–≤–µ—Å—Ç–∏—Ü–∏—è—Ö."
1220,"–†–∞–Ω–µ–µ —É –º–µ–Ω—è –±—ã–ª–æ –ø—Ä–∏–ª–æ–∂–µ–Ω–∏–µ alfa pay, —Å–µ–π—á–∞—Å –æ–Ω–æ –Ω–µ–¥–æ—Å—Ç—É–ø–Ω–æ –¥–ª—è —Å–∫–∞—á–∏–≤–∞–Ω–∏—è, –ª–∏–±–æ —è –Ω–µ –º–æ–≥—É –µ–≥–æ –Ω–∞–π—Ç–∏, –ø–æ–¥—Å–∫–∞–∂–∏—Ç–µ, –ø–æ–∂–∞–ª—É–π—Å—Ç–∞,  –∫–∞–∫–∏–º –ø—Ä–∏–ª–æ–∂–µ–Ω–∏–µ–º —è –º–æ–≥—É –ø–æ–ª—å–∑–æ–≤–∞—Ç—å—Å—è –Ω–∞ —Ç–µ–ª–µ—Ñ–æ–Ω–µ –¥–ª—è –æ–ø–ª–∞—Ç—ã –ø–æ–∫—É–ø–æ–∫?",ok,"43,102,1070",
5039,–ù–µ —Å–æ–≥–ª–∞—Å–µ–Ω —Å –∫–æ–º–∏—Å—Å–∏–µ–π –∞–ª—å—Ñ–∞ —á–µ–∫,need_clarify,1753,"ask_details::–£—Ç–æ—á–Ω–∏—Ç–µ: –∫–æ–º–∏—Å—Å–∏—è –∑–∞ –ê–ª—å—Ñ–∞-–ß–µ–∫ (push/SMS) –ø–æ –∫–∞–∫–æ–π –∫–∞—Ä—Ç–µ/—Å—á—ë—Ç—É –∏ –∑–∞ –∫–∞–∫–æ–π –ø–µ—Ä–∏–æ–¥? –ï—Å–ª–∏ —Å–ø–∏—Å–∞–Ω–∏–µ –∫–∞–∂–µ—Ç—Å—è –æ—à–∏–±–∫–æ–π ‚Äî –Ω–∞–ø–∏—à–∏—Ç–µ –≤ —á–∞—Ç –ø–æ–¥–¥–µ—Ä–∂–∫–∏, –ø—Ä–æ–≤–µ—Ä—è—Ç –∏ –æ—Ñ–æ—Ä–º—è—Ç –æ–±—Ä–∞—â–µ–Ω–∏–µ."
6360,–ë–∞–ª–∞–Ω—Å –∑–∞–∫—Ä—ã—Ç–æ–≥–æ —Å—á–µ—Ç–∞ ,need_clarify,1916,"ask_details::–£—Ç–æ—á–Ω–∏—Ç–µ, –∫–∞–∫–æ–π –∏–º–µ–Ω–Ω–æ —Å—á—ë—Ç –∑–∞–∫—Ä—ã—Ç (–∫–∞—Ä—Ç–∞/–Ω–∞–∫–æ–ø–∏—Ç–µ–ª—å–Ω—ã–π/–∫—Ä–µ–¥–∏—Ç–Ω—ã–π/–±—Ä–æ–∫–µ—Ä—Å–∫–∏–π) –∏ –≥–¥–µ —Ö–æ—Ç–∏—Ç–µ —É–≤–∏–¥–µ—Ç—å –±–∞–ª–∞–Ω—Å (–ø—Ä–∏–ª–æ–∂–µ–Ω–∏–µ/–ê–ª—å—Ñ–∞-–û–Ω–ª–∞–π–Ω/–≤—ã–ø–∏—Å–∫–∞). –ü–æ—Å–ª–µ –∑–∞–∫—Ä—ã—Ç–∏—è –æ—Å—Ç–∞—Ç–æ–∫ –æ–±—ã—á–Ω–æ –≤—ã–≤–æ–¥–∏—Ç—Å—è/–ø–µ—Ä–µ—á–∏—Å–ª—è–µ—Ç—Å—è, –∞ —Ñ–∏–Ω–∞–ª—å–Ω—ã–µ —Ä–∞—Å—á—ë—Ç—ã –º–æ–≥—É—Ç –∑–∞–Ω—è—Ç—å –≤—Ä–µ–º—è."
2133,–Ø –∑–∞–∫–∞–∑—ã–≤–∞–ª–∞ –∫—Ä–µ–¥–∏—Ç–Ω—É—é –∫–∞—Ä—Ç—É,need_clarify,,"ask_details|ask_product::–£—Ç–æ—á–Ω–∏—Ç–µ, —ç—Ç–æ –ø–æ–∫—É–ø–∫–∞ –Ω–∞ —Å–∞–π—Ç–µ (–æ–ø–ª–∞—Ç–∞ –∫–∞—Ä—Ç–æ–π) –∏–ª–∏ –ø–µ—Ä–µ–≤–æ–¥/–∫–≤–∞–∑–∏-–∫—ç—à ‚Äî –æ—Ç —Ç–∏–ø–∞ –æ–ø–µ—Ä–∞—Ü–∏–∏ –∑–∞–≤–∏—Å–∏—Ç, –±—É–¥–µ—Ç –ª–∏ –∫–æ–º–∏—Å—Å–∏—è."
1670,–ö—ç—à–±–µ–∫ –≤ –∏—é–Ω–µ,need_clarify,"658,1541","ask_details::–£—Ç–æ—á–Ω–∏—Ç–µ, –ø—Ä–æ –∫–∞–∫–æ–π –∫—ç—à–±—ç–∫ (–∫–∞—Ä—Ç–∞/–ø—Ä–æ–≥—Ä–∞–º–º–∞) –∏ —á—Ç–æ –∏–º–µ–Ω–Ω–æ –ø—Ä–æ –∏—é–Ω—å: –∫–∞—Ç–µ–≥–æ—Ä–∏–∏, —Å—Ä–æ–∫ –Ω–∞—á–∏—Å–ª–µ–Ω–∏—è –∏–ª–∏ –ø–æ—á–µ–º—É –Ω–µ –Ω–∞—á–∏—Å–ª–∏–ª–∏?"
1182,–ù–∞—á–∏—Å–ª—è–µ—Ç—Å—è –ª–∏ –ø–æ–≤—ã—à–Ω—ã–π –∫—ç—à–±—ç–∫ –ø—Ä–∏ –æ–ø–ª–∞—Ç–µ q  –∫–æ–¥–æ–º,ok,"925,1516",
6777,–î–æ–±—Ä—ã–π –¥–µ–Ω—å! –ï—â—ë –≤–æ–∑–º–æ–∂–Ω–æ –æ—Ñ–æ—Ä–º–∏—Ç—å —Å—Ç–∏–∫–µ—Ä –°–ø–∞—Ä—Ç–∞–∫?,no_answer,,
1023,"–ß–µ—Ä–µ–∑ –ø—Ä–∏–ª–æ–∂–µ–Ω–∏–µ –Ω–µ –∞–∫—Ç–∏–≤–∏—Ä—É–µ—Ç—Å—è, —Å–∫—Ä–∏–Ω—à–æ—Ç –≤—ã—à–µ",need_clarify,,ask_details::–ß—Ç–æ –∏–º–µ–Ω–Ω–æ –Ω–µ –∞–∫—Ç–∏–≤–∏—Ä—É–µ—Ç—Å—è –≤ –ø—Ä–∏–ª–æ–∂–µ–Ω–∏–∏ (–∫–∞—Ä—Ç–∞/—Å—Ç–∏–∫–µ—Ä/—Å–µ—Ä—Ç–∏—Ñ–∏–∫–∞—Ç/–ø–æ–¥–ø–∏—Å–∫–∞)? –ö–∞–∫–æ–µ —É—Å—Ç—Ä–æ–π—Å—Ç–≤–æ (iOS/Android) –∏ –∫–∞–∫–∞—è –æ—à–∏–±–∫–∞/—á—Ç–æ –Ω–∞–ø–∏—Å–∞–Ω–æ –Ω–∞ —ç–∫—Ä–∞–Ω–µ?
3167,–°–¥–µ–ª–∞—Ç—å —á—Ç–æ–±—ã –Ω–µ –ø–µ—Ä–µ–≤–æ–¥–∏–ª–∏ –ø–æ –Ω–æ–º–µ—Ä—É —Ç–µ–ª–µ—Ñ–æ–Ω–∞,ok,"1617,1704,1705,1762",
2803,–í –ª—é–±–æ–µ –≤—Ä–µ–º—è –º–æ–∂–Ω–æ –∑–∞–±—Ä–∞—Ç—å?,need_clarify,"1297,1897,1922","ask_details::""–ó–∞–±—Ä–∞—Ç—å‚Äù —á—Ç–æ –∏–º–µ–Ω–Ω–æ: –∫–∞—Ä—Ç—É (–≤ –¥–æ—Å—Ç–∞–≤–∫–µ/–≤ –æ—Ç–¥–µ–ª–µ–Ω–∏–∏) –∏–ª–∏ —Ü–µ–Ω–Ω–æ—Å—Ç–∏ –∏–∑ –±–∞–Ω–∫–æ–≤—Å–∫–æ–π —è—á–µ–π–∫–∏? –ò ‚Äú–≤ –ª—é–±–æ–µ –≤—Ä–µ–º—è‚Äù ‚Äî –ø—Ä–æ –ø–µ—Ä–µ–Ω–æ—Å –≤—Ä–µ–º–µ–Ω–∏/–∞–¥—Ä–µ—Å–∞ –≤—ã–¥–∞—á–∏ –∫–∞—Ä—Ç—ã –∏–ª–∏ –ø—Ä–æ –¥–æ—Å—Ç—É–ø –∫ —è—á–µ–π–∫–µ –¥–æ –æ–∫–æ–Ω—á–∞–Ω–∏—è –∞—Ä–µ–Ω–¥—ã?"
6502,–ê–ª—å—Ñ–∞ –±–∞–Ω–∫ –≤ –∫—Ä–∞—Å–Ω–æ–º —Å–µ–ª–µ,no_answer,,
51,–†–∞—Å—á–µ—Ç–Ω—ã–π —Å—á–µ—Ç,need_clarify,1186,"ask_details::–ó–∞–ø—Ä–æ—Å —Å–ª–∏—à–∫–æ–º –æ–±—â–∏–π: –Ω–µ–ø–æ–Ω—è—Ç–Ω–æ, —á—Ç–æ –∏–º–µ–Ω–Ω–æ –Ω—É–∂–Ω–æ –ø—Ä–æ —Ä–∞—Å—á—ë—Ç–Ω—ã–π —Å—á—ë—Ç ‚Äî –æ—Ç–∫—Ä—ã—Ç—å, —Ç–∞—Ä–∏—Ñ—ã/—Å—Ç–æ–∏–º–æ—Å—Ç—å, –¥–æ–∫—É–º–µ–Ω—Ç—ã, –∫–∞–∫ —É–∑–Ω–∞—Ç—å —Ä–µ–∫–≤–∏–∑–∏—Ç—ã/–Ω–æ–º–µ—Ä, –¥–ª—è –ò–ü/–û–û–û/—Å–∞–º–æ–∑–∞–Ω—è—Ç–æ–≥–æ, –∫–∞–∫ –∑–∞–∫—Ä—ã—Ç—å –∏ —Ç.–¥. –ù—É–∂–Ω–æ —É—Ç–æ—á–Ω–µ–Ω–∏–µ."
3408,–ó–¥—Ä–∞–≤—Å—Ç–≤—É–π—Ç–µ) —è –≤—á–µ—Ä–∞ –æ—Ñ–æ—Ä–º–∏–ª–∞ –∫—Ä–µ–¥–∏—Ç–Ω—É—é –∫–∞—Ä—Ç—É. –°–µ–π—á–∞—Å –∞–∫—Ç–∏–≤–∏—Ä–æ–≤–∞–ª–∞ –∏ –æ–Ω–∞ –∞ 00 —Ç—ã—Å —Ä üòÑ  –Ø —Å—Ç–∞–≤–∏–ª–∞ –Ω–∞ 000.000,need_clarify,"862,1573",ask_details::–£—Ç–æ—á–Ω–∏—Ç–µ: —ç—Ç–æ ¬´–∫—Ä–µ–¥–∏—Ç–Ω—ã–π –ª–∏–º–∏—Ç¬ª –∏–ª–∏ ¬´–¥–æ—Å—Ç—É–ø–Ω—ã–π –ª–∏–º–∏—Ç¬ª –∏ –∫–∞–∫–∞—è —Å—É–º–º–∞ –æ—Ç–æ–±—Ä–∞–∂–∞–µ—Ç—Å—è —Å–µ–π—á–∞—Å.
3039,–í –∞–≤–≥—É—Å—Ç–µ —è –ø–µ—Ä–µ–≤—ë–ª –ø–µ–Ω—Å–∏—é –∞ –∞–ª—å—Ñ–∞-–±–∞–Ω–∫. 0-–≥–æ –∞–≤–≥—É—Å—Ç–∞ –ø–æ–ª—É—á–∏–ª —Å–º—Å-–∫—É —Å –ø–æ–¥—Ç–≤–µ—Ä–∂–¥–µ–Ω–∏–µ–º. –ü–µ—Ä–≤—É—é 0000 —Ä—É–±–ª–µ–π –∏–∑ —Ç—Ä—ë—Ö  –≤ –∞–≤–≥—É—Å—Ç–µ —è –Ω–µ –ø–æ–ª—É—á–∏–ª. 0- –≥–æ —Å–µ–Ω—Ç—è–±—Ä—è –ø–æ–ª—É—á–∏–ª –ø–µ–Ω—Å–∏—é. –ê –ø–µ—Ä–≤–æ–π 0000 —Ç–∞–∫ –∏ –Ω–µ—Ç,need_clarify,"125,423",how_to_check::–£—Ç–æ—á–Ω–∏—Ç–µ –¥–∞—Ç—É –ø–æ–¥–∞—á–∏ –∑–∞—è–≤–ª–µ–Ω–∏—è –Ω–∞ –ø–µ—Ä–µ–≤–æ–¥ –ø–µ–Ω—Å–∏–∏ (–¥–æ/–ø–æ—Å–ª–µ 20 —á–∏—Å–ª–∞) –∏ –Ω–∞ –∫–∞–∫–∏–µ —Ä–µ–∫–≤–∏–∑–∏—Ç—ã –ø—Ä–∏—à–ª–∞ –ø–µ–Ω—Å–∏—è –∑–∞ –∞–≤–≥—É—Å—Ç ‚Äî –≤ –ê–ª—å—Ñ–∞-–ë–∞–Ω–∫ –∏–ª–∏ –Ω–∞ —Å—Ç–∞—Ä—ã–µ.
1545,"–¢—Ä—É–¥–Ω–æ—Å—Ç–∏, –ø–∞—Ä–æ–ª—å –ø—Ä–æ—Å—Ä–æ—á–µ–Ω –ø–∏—à—É—Ç.",need_clarify,862,"how_to_do::–£—Ç–æ—á–Ω–∏—Ç–µ, –≥–¥–µ –∏–º–µ–Ω–Ω–æ –ø–æ—è–≤–ª—è–µ—Ç—Å—è —Å–æ–æ–±—â–µ–Ω–∏–µ ¬´–ø–∞—Ä–æ–ª—å –ø—Ä–æ—Å—Ä–æ—á–µ–Ω¬ª ‚Äî –≤ –º–æ–±–∏–ª—å–Ω–æ–º –ø—Ä–∏–ª–æ–∂–µ–Ω–∏–∏, –ê–ª—å—Ñ–∞-–û–Ω–ª–∞–π–Ω –∏–ª–∏ –ø—Ä–∏ –≤—Ö–æ–¥–µ –≤ –¥—Ä—É–≥–æ–π —Å–µ—Ä–≤–∏—Å."
234,–ö–∞–∫–∏–µ –ë–∞–Ω–∫–æ–º–∞—Ç—ã —Ä–∞–±–æ—Ç–∞–µ—Ç —Å–µ–≥–æ–¥–Ω—è –≥–æ—Ä–æ–¥ –Ø–∫—É—Ç—Å–∫,need_clarify,862,"ask_details::–£—Ç–æ—á–Ω–∏—Ç–µ, –∫–∞–∫–∏–µ –±–∞–Ω–∫–æ–º–∞—Ç—ã –Ω—É–∂–Ω—ã –≤ –Ø–∫—É—Ç—Å–∫–µ ‚Äî –ê–ª—å—Ñ–∞-–ë–∞–Ω–∫–∞ –∏–ª–∏ –ø–∞—Ä—Ç–Ω—ë—Ä–æ–≤, –∏ –∫–∞–∫–∞—è –æ–ø–µ—Ä–∞—Ü–∏—è (—Å–Ω—è—Ç—å/–≤–Ω–µ—Å—Ç–∏ –Ω–∞–ª–∏—á–Ω—ã–µ)."
1109,–ê –º–æ—è —Ç–æ –≥–¥–µ?,need_clarify,455,"ask_details::–ß—Ç–æ –∏–º–µ–Ω–Ω–æ –ø—Ä–æ–ø–∞–ª–æ ‚Äî –∫–∞—Ä—Ç–∞, –¥–µ–Ω—å–≥–∏, –ø–µ—Ä–µ–≤–æ–¥ –∏–ª–∏ —Å–æ–æ–±—â–µ–Ω–∏–µ?"
4307,"–ó–¥—Ä–∞–≤—Å—Ç–≤—É–π—Ç–µ  –Ø –ø—Ä–æ—Å–∏–ª –¥–æ–±–∞–≤–∏—Ç—å –ø–æ—Å—Ç–∞–≤—â–∏–∫–æ–≤ —É—Å–ª—É–≥ –°–∫–∞–∑–∞–ª–∏, –≤ —Ç–µ—á–µ–Ω–∏–µ –º–µ—Å—è—Ü–∞ —Å–¥–µ–ª–∞—é—Ç –ü—Ä–æ—à–ª–æ —É–∂–µ –ø–æ–ª—Ç–æ—Ä–∞",need_clarify,862,"ask_details::–í –∫–∞–∫–æ–º —Å–µ—Ä–≤–∏—Å–µ/—Ä–∞–∑–¥–µ–ª–µ –≤—ã –ø—Ä–æ—Å–∏–ª–∏ –¥–æ–±–∞–≤–∏—Ç—å –ø–æ—Å—Ç–∞–≤—â–∏–∫–æ–≤ (–ø–ª–∞—Ç–µ–∂–∏ –ñ–ö–£, –∞–≤—Ç–æ–ø–ª–∞—Ç–µ–∂–∏, —ç–∫–≤–∞–π—Ä–∏–Ω–≥/–∏–Ω—Ç–µ—Ä–Ω–µ—Ç-—ç–∫–≤–∞–π—Ä–∏–Ω–≥ –∏ —Ç.–ø.) –∏ –µ—Å—Ç—å –ª–∏ –Ω–æ–º–µ—Ä –æ–±—Ä–∞—â–µ–Ω–∏—è/–∑–∞—è–≤–∫–∏?"
1489,"–ó–¥—Ä–∞–≤—Å—Ç–≤—É–π—Ç–µ , –∫–∞–∫ –ø–µ—Ä–µ–≤–µ—Å—Ç–∏ –¥–µ–Ω—å–≥–∏ —Å —Å—á–µ—Ç–∞ –Ω–∞ —Å—á–µ—Ç –µ—Å–ª–∏ —Ç—Ä–µ–±—É–µ—Ç –¥–∞–Ω–Ω—ã–µ –Ω–æ–≤–æ–≥–æ –ø–∞—Å–ø–æ—Ä—Ç–∞ , –∞ –Ω–æ–≤—ã–π –ø–∞—Å–ø–æ—Ä—Ç –µ—â–µ –Ω–µ –≥–æ—Ç–æ–≤ ?",need_clarify,862,"how_to_do::–£—Ç–æ—á–Ω–∏—Ç–µ, –≥–¥–µ –∏–º–µ–Ω–Ω–æ —Ç—Ä–µ–±—É–µ—Ç –¥–∞–Ω–Ω—ã–µ –Ω–æ–≤–æ–≥–æ –ø–∞—Å–ø–æ—Ä—Ç–∞ (–ø—Ä–∏–ª–æ–∂–µ–Ω–∏–µ/–ê–ª—å—Ñ–∞-–û–Ω–ª–∞–π–Ω) –∏ –æ –∫–∞–∫–æ–º –ø–µ—Ä–µ–≤–æ–¥–µ —Ä–µ—á—å ‚Äî –º–µ–∂–¥—É —Å–≤–æ–∏–º–∏ —Å—á–µ—Ç–∞–º–∏ –∏–ª–∏ –¥—Ä—É–≥–æ–º—É –ø–æ–ª—É—á–∞—Ç–µ–ª—é."
3631,–•–æ—á—É —Å–Ω—è—Ç—å –æ–≥—Ä–∞–Ω–∏—á–µ–Ω–∏—è –ø–æ –ø–ª–∞—Ç–µ–∂–∞–º,ok,"1704,1705",
4706,–ê–¥—Ä–µ—Å –æ—Ñ–∏—Å–∞ –≤ –î–∑–µ—Ä–∂–∏–Ω—Å–∫–µ –ù–∏–∂–µ–≥–æ—Ä–æ–¥—Å–∫–æ–π –æ–±–ª–∞—Å—Ç–∏ ?,need_clarify,,how_to_check::–í –±–∞–∑–µ –Ω–µ—Ç —Å—Ç—Ä–∞–Ω–∏—Ü—ã —Å –∞–¥—Ä–µ—Å–∞–º–∏ –æ—Ñ–∏—Å–æ–≤ –≤ –î–∑–µ—Ä–∂–∏–Ω—Å–∫–µ ‚Äî –ø—Ä–æ–≤–µ—Ä—å—Ç–µ –∞–¥—Ä–µ—Å —á–µ—Ä–µ–∑ —Å–ø—Ä–∞–≤–æ—á–Ω–∏–∫ –æ—Ñ–∏—Å–æ–≤ –∏–ª–∏ –∫–æ–Ω—Ç–∞–∫—Ç-—Ü–µ–Ω—Ç—Ä.
2419,–ù–µ –≤–∏–¥–Ω–æ –∫–∞—Ä—Ç—É –≤ –ø—Ä–∏–ª–æ–∂–µ–Ω–∏–∏,ok,"455,1899",
2928,"–ó–¥—Ä–∞–≤—Å—Ç–≤—É–π—Ç–µ. –•–æ—á—É –ø–æ–ª–æ–∂–∏—Ç—å –¥–µ–Ω—å–≥–∏ –≤ –±–∞–Ω–∫–æ–º–∞—Ç–µ —Å—Ä–æ—á–Ω–æ, –ø—Ä–æ—Å–∏—Ç –ø–∏–Ω –∫–æ–¥ –∏–∑ 0 —Å–∏–º–≤–æ–ª–æ–≤, –µ—Å—Ç—å —Ç–æ–ª—å–∫–æ –ø—Ä–∏ –≤—Ö–æ–¥–µ –≤ –±–∞–Ω–∫ –∏–∑ 0. –ö–∞–∫ —Å–æ–∑–¥–∞—Ç—å –∏–∑ —á–µ—Ç—ã—Ä—ë—Ö?",ok,"862,1032,1068",
1098,–ö–∞—Ä—Ç–∞ Priority Pass,need_clarify,1437,"ask_details::–∑–∞–ø—Ä–æ—Å —Å–ª–∏—à–∫–æ–º –æ–±—â–∏–π (‚Äú–ö–∞—Ä—Ç–∞ Priority Pass‚Äù) ‚Äî –Ω–µ–ø–æ–Ω—è—Ç–Ω–æ, —á—Ç–æ –Ω—É–∂–Ω–æ: –∫–∞–∫ –æ—Ñ–æ—Ä–º–∏—Ç—å/–ø–æ–¥–∫–ª—é—á–∏—Ç—å, —É—Å–ª–æ–≤–∏—è –ø–æ –ø–∞–∫–µ—Ç—É, –≥–¥–µ —Ä–∞–±–æ—Ç–∞–µ—Ç, –∫–∞–∫ –ø–æ–ª—å–∑–æ–≤–∞—Ç—å—Å—è/–∞–∫—Ç–∏–≤–∏—Ä–æ–≤–∞—Ç—å, —Å—Ç–æ–∏–º–æ—Å—Ç—å, —á—Ç–æ –¥–µ–ª–∞—Ç—å –µ—Å–ª–∏ –Ω–µ –ø—Ä–∏—à–ª–∞/–Ω–µ –æ—Ç–æ–±—Ä–∞–∂–∞–µ—Ç—Å—è –∏ —Ç.–¥."
1808,–ú–æ–∂–Ω–æ –∑–∞–ø–∏—Å–∞—Ç—å—Å—è –∫–æ –≤—Ä–µ–º–µ–Ω–∏? –ß—Ç–æ–± –æ—á–µ—Ä–µ–¥–∏ –Ω–µ –∂–¥–∞—Ç—å ,need_clarify,,"ask_channel::–ö—É–¥–∞ –≤—ã —Ö–æ—Ç–∏—Ç–µ –∑–∞–ø–∏—Å–∞—Ç—å—Å—è ‚Äî –≤ –æ—Ñ–∏—Å –±–∞–Ω–∫–∞, –Ω–∞ –ø–æ–ª—É—á–µ–Ω–∏–µ/–¥–æ—Å—Ç–∞–≤–∫—É –∫–∞—Ä—Ç—ã –∏–ª–∏ –Ω–∞ –∫–æ–Ω—Å—É–ª—å—Ç–∞—Ü–∏—é –ø–æ –ø—Ä–æ–¥—É–∫—Ç—É? –ò –≤ –∫–∞–∫–æ–º –≥–æ—Ä–æ–¥–µ?"
4403,–ó–¥—Ä–∞–≤—Å—Ç–≤—É–π—Ç–µ. –ß—Ç–æ –∑–∞ –ø—Ä–∏–≤–µ–ª–µ–≥–∏—è –Ω–∞ —Å–µ–Ω—Ç—è–±—Ä—å? –î–æ–ø–æ–ª–Ω–∏—Ç–µ–ª—å–Ω–æ –∫—ç—à–±—ç–∫ –∫–∞—Ñ–µ —Ä–µ—Å—Ç–æ—Ä–∞–Ω—ã –ø–æ –±–∏–∑–Ω–µ—Å –∫–∞—Ä—Ç–µ,need_clarify,"60,619,1201","ask_details::–£—Ç–æ—á–Ω–∏—Ç–µ, –ø–æ –∫–∞–∫–æ–π –∏–º–µ–Ω–Ω–æ –±–∏–∑–Ω–µ—Å-–∫–∞—Ä—Ç–µ –∏ —Ç–∞—Ä–∏—Ñ—É –¥–µ–π—Å—Ç–≤—É–µ—Ç ¬´–ø—Ä–∏–≤–∏–ª–µ–≥–∏—è —Å–µ–Ω—Ç—è–±—Ä—è¬ª ‚Äî –∞–∫—Ü–∏–∏ –∏ –∫–∞—Ç–µ–≥–æ—Ä–∏–∏ –∫—ç—à–±—ç–∫–∞ –æ—Ç–ª–∏—á–∞—é—Ç—Å—è, –±–µ–∑ —ç—Ç–æ–≥–æ –Ω–µ–ª—å–∑—è —Ç–æ—á–Ω–æ —Å–∫–∞–∑–∞—Ç—å, —á—Ç–æ –∑–∞ –¥–æ–ø–∫—ç—à–±—ç–∫ –Ω–∞ –∫–∞—Ñ–µ –∏ —Ä–µ—Å—Ç–æ—Ä–∞–Ω—ã."
5750,"–î–æ–±—Ä—ã–π –¥–µ–Ω—å, –µ—Å–ª–∏ –æ–ø–ª–∞—Ç–∞ —Å –∫—Ä–µ–¥–∏—Ç–∫–∏ –∏–¥–µ—Ç –∫–∞–∫ –æ–Ω–ª–∞–π–Ω –æ–ø–ª–∞—Ç–∞ –¥–æ–ø—É—Å—Ç–∏–º –∫—É—Ä—Å–æ–≤, —Ç–æ–≥–¥–∞ –µ—Å—Ç—å –∫–æ–º–∏—Å—Å–∏—è –∫–∞–∫–∞—è –Ω–∏–±—É–¥—å?",need_clarify,1,5
1607,"–ó–¥—Ä–∞–≤—Å—Ç–≤—É–π—Ç–µ! –ü–æ–¥—Å–∫–∞–∂–∏—Ç–µ, –∫–∞–∫ –Ω–∞–π—Ç–∏ –Ω–∞–∑–≤–∞–Ω–∏–µ –æ—Ç–¥–µ–ª–µ–Ω–∏–µ –±–∞–Ω–∫–∞ ",need_clarify,,"ask_details::–ù–µ—è—Å–Ω–æ, –∫–∞–∫–æ–µ ‚Äú–Ω–∞–∑–≤–∞–Ω–∏–µ –æ—Ç–¥–µ–ª–µ–Ω–∏—è‚Äù –Ω—É–∂–Ω–æ (–¥–ª—è —Ä–µ–∫–≤–∏–∑–∏—Ç–æ–≤/–ø–ª–∞—Ç–µ–∂–∞ –∏–ª–∏ –∫–æ–Ω–∫—Ä–µ—Ç–Ω–æ–≥–æ –æ—Ñ–∏—Å–∞); –≤ –≤—ã–¥–∞—á–µ –Ω–µ—Ç —è–≤–Ω–æ–≥–æ –∏—Å—Ç–æ—á–Ω–∏–∫–∞ —Å –Ω–∞–∑–≤–∞–Ω–∏—è–º–∏ –æ—Ñ–∏—Å–æ–≤."
5745,–û–ø–ª–∞—Ç–∞ –∫–æ–º–º—É–Ω–∞–ª—å–Ω—ã—Ö —É—Å–ª—É–≥ –±–µ—Å–ø—Ä–æ—Ü–µ–Ω—Ç–Ω—ã–µ –ø–µ—Ä–∏–æ–¥ ,ok,"1040,1757,1776",
1444,"–Ø –ø–ª–∞—á—É –ê–ª—å—Ñ–∞ –ü—ç–π, –Ω–æ –Ω–∏—á–µ–≥–æ –Ω–µ –Ω–∞—á–∏—Å–ª–µ–Ω–∏—è.",need_clarify,,"ask_details::–ù–µ —É–∫–∞–∑–∞–Ω–æ, –∫–∞–∫–∏–µ –∏–º–µ–Ω–Ω–æ –Ω–∞—á–∏—Å–ª–µ–Ω–∏—è –æ–∂–∏–¥–∞—é—Ç—Å—è (–∫—ç—à–±—ç–∫/–±–æ–Ω—É—Å—ã/–∞–∫—Ü–∏—è), –ø–æ –∫–∞–∫–æ–π –∫–∞—Ä—Ç–µ –∏ –∑–∞ –∫–∞–∫–æ–π –ø–µ—Ä–∏–æ–¥ –ø—Ä–∏ –æ–ø–ª–∞—Ç–µ —á–µ—Ä–µ–∑ Alfa Pay."
3347,–ì–æ—Å—É–≤–µ–¥–æ–º–ª–µ–Ω–∏—è,need_clarify,,"ask_details::–ù–µ —É—Ç–æ—á–Ω–µ–Ω–æ, –æ –∫–∞–∫–∏—Ö –≥–æ—Å—É–≤–µ–¥–æ–º–ª–µ–Ω–∏—è—Ö —Ä–µ—á—å: –ø–æ–ª—É—á–µ–Ω–∏–µ —É–≤–µ–¥–æ–º–ª–µ–Ω–∏–π –æ—Ç –ì–æ—Å—É—Å–ª—É–≥, –ø–æ–¥–∫–ª—é—á–µ–Ω–∏–µ/–æ—Ç–∫–ª—é—á–µ–Ω–∏–µ —Å–µ—Ä–≤–∏—Å–∞, –≤–∏–¥ —É–≤–µ–¥–æ–º–ª–µ–Ω–∏–π –∏–ª–∏ –∫–∞–Ω–∞–ª –¥–æ—Å—Ç–∞–≤–∫–∏ (–°–ú–°, push, —á–∞—Ç)."
2334,–û—Ç–∫–ª—é—á–∏—Ç—å –ø–µ—Ä–µ–≤–æ–¥—ã –Ω–∞ –∫–∞—Ä—Ç—É –ø–æ —Å–±–ø,ok,292,
4039,–î–æ–±—Ä—ã–π –¥–µ–Ω—å. –ü–æ–¥–∞–ª–∞ –∑–∞—è–≤–∫—É –Ω–∞ –∑–∞–∫—Ä—ã—Ç–∏–µ —Å—á–µ—Ç–∞ –∫—Ä–µ–¥–∏—Ç–Ω–æ–π –∫–∞—Ä—Ç—ã. –ù–∞ —Å—á–µ—Ç–µ –µ—Å—Ç—å 0000 —Ä —Å–æ–±—Å—Ç–≤–µ–Ω–Ω—ã—Ö —Å—Ä–µ–¥—Å—Ç–≤. –ö–∞–∫ –∏—Ö –≤—ã–≤–µ—Å—Ç–∏ —Å–æ —Å—á–µ—Ç–∞?,need_clarify,,"how_to_do|route_support::—É—Ç–æ—á–Ω–∏—Ç–µ, –æ—Ñ–æ—Ä–º–ª–µ–Ω–æ –ª–∏ —É–∂–µ –∑–∞–∫—Ä—ã—Ç–∏–µ –∫–∞—Ä—Ç—ã –∏ –≥–¥–µ —É–¥–æ–±–Ω–µ–µ –≤—ã–≤–µ—Å—Ç–∏ —Å–æ–±—Å—Ç–≤–µ–Ω–Ω—ã–µ —Å—Ä–µ–¥—Å—Ç–≤–∞ (–ø—Ä–∏–ª–æ–∂–µ–Ω–∏–µ/–æ—Ç–¥–µ–ª–µ–Ω–∏–µ), –æ—Å—Ç–∞—Ç–æ–∫ –ø–æ—Å–ª–µ —Å–ø–∏—Å–∞–Ω–∏–π –ø–æ–¥—Ç–≤–µ—Ä–∂–¥—ë–Ω."
1478,"–î–æ–±—Ä—ã–π –¥–µ–Ω—å, –∑–∞–∫–∞–∑—ã–≤–∞–ª –Ω–æ–≤—É—é –∫–∞—Ä—Ç—É, —Ö–æ—á—É —É–∑–Ω–∞—Ç—å –æ–Ω–∞ —É–∂–µ –≤ –æ—Ç–¥–µ–ª–µ–Ω–∏–∏? –ò–ª–∏ –µ—â–µ –∂–¥–∞—Ç—å?",ok,1526,
1787,"–î–æ–±—Ä—ã–π –¥–µ–Ω—å, –±–∞–Ω–∫ –æ–ø–æ–≤–µ—Å—Ç–∏–ª, —á—Ç–æ —è —Å–∫–æ—Ä–æ –ø–µ—Ä–µ—Å—Ç–∞–Ω—É –±—ã—Ç—å –∑–∞—Ä–ø–ª–∞—Ç–Ω—ã–º –∫–ª–∏–µ–Ω—Ç–æ–º, –Ω–æ –≤ –±—É—Ö–≥–∞–ª—Ç–µ—Ä–∏–∏ –æ—Ä–≥–∞–Ω–∏–∑–∞—Ü–∏–∏ —Ç–∞–∫–æ–π –∏–Ω—Ñ–æ—Ä–º–∞—Ü–∏–∏ –Ω–µ—Ç, –≤ —Å–≤—è–∑–∏ —Å —á–µ–º —Ç–∞–∫–æ–µ –æ–ø–æ–≤–µ—â–µ–Ω–∏–µ?",need_clarify,,"ask_details|route_support::—É—Ç–æ—á–Ω–∏—Ç–µ, –∫–∞–∫–æ–µ —É–≤–µ–¥–æ–º–ª–µ–Ω–∏–µ –ø—Ä–∏—à–ª–æ –∏ –ø–æ –∫–∞–∫–æ–º—É –∑–∞—Ä–ø–ª–∞—Ç–Ω–æ–º—É –ø—Ä–æ–µ–∫—Ç—É; —Å—Ç–∞—Ç—É—Å –ø—Ä–æ–≤–µ—Ä—è–µ—Ç—Å—è –ø–æ –¥–∞–Ω–Ω—ã–º —Ä–∞–±–æ—Ç–æ–¥–∞—Ç–µ–ª—è –∏ –±–∞–Ω–∫–∞"
1967,"–ó–¥—Ä–∞–≤—Å—Ç–≤—É–π—Ç–µ, –ø–æ–¥—Å–∫–∞–∂–∏—Ç–µ, —É –º–µ–Ω—è –±—ã–ª–∏ –∫—Ä–µ–¥–∏—Ç–Ω—ã–π –ª–∏–º–∏—Ç –Ω–∞ –∫–∞—Ä—Ç–∞—Ö, —è –µ–≥–æ –∏—Å—Ç—Ä–∞—Ç–∏–ª, –¥–æ–ª–≥ –∑–∞–∫—Ä—ã–ª , –Ω–æ–≤—ã–π –∫—Ä–µ–¥–∏—Ç–Ω—ã–π –ª–∏–º–∏—Ç –±—É–¥–µ—Ç –Ω–∞ –Ω–∏—Ö –ø–æ—è–≤–ª—è–µ—Ç—Å—è ?",need_clarify,,ask_details::—É—Ç–æ—á–Ω–∏—Ç—å —Ç–∏–ø –∫–∞—Ä—Ç—ã (–∫—Ä–µ–¥–∏—Ç–Ω–∞—è/–Ω–µ—Å–∫–æ–ª—å–∫–æ –∫–∞—Ä—Ç) –∏ —Å—Ç–∞—Ç—É—Å –ª–∏–º–∏—Ç–∞; –ª–∏–º–∏—Ç –º–æ–∂–µ—Ç –≤–æ—Å—Å—Ç–∞–Ω–æ–≤–∏—Ç—å—Å—è –∞–≤—Ç–æ–º–∞—Ç–∏—á–µ—Å–∫–∏ –∏–ª–∏ –ø–µ—Ä–µ—Å–º–∞—Ç—Ä–∏–≤–∞—Ç—å—Å—è –±–∞–Ω–∫–æ–º –∏–Ω–¥–∏–≤–∏–¥—É–∞–ª—å–Ω–æ
6245,–Ω–µ –ø–æ–ª—É—á–∞–µ—Ç—Å—è –ø–æ–º–µ–Ω—è—Ç—å –Ω–æ–º–µ—Ä —Ç–µ–ª–µ—Ñ–æ–Ω–∞ –¥–ª—è –ø—Ä–∏–≤—è–∑–∫–∏ –ø–ª–∞—Ç–µ–∂–µ–π —Å–ø–±,ok,"292,1704,1705,1762",
231,–ö—É–¥–∞ —É—Ö–æ–¥—è—Ç –ø–æ–ø–æ–ª–Ω–µ–Ω–∏—è?,need_clarify,,ask_channel|ask_details|ask_product::–≠—Ç–æ –ø–æ–ø–æ–ª–Ω–µ–Ω–∏–µ —á–µ–≥–æ (–∫–∞—Ä—Ç–∞/—Å—á—ë—Ç/–≤–∫–ª–∞–¥/–∫—Ä–µ–¥–∏—Ç)? –ö–∞–∫–∏–º —Å–ø–æ—Å–æ–±–æ–º –ø–æ–ø–æ–ª–Ω—è–ª–∏? –ß—Ç–æ –∏–º–µ–Ω–Ω–æ –ø—Ä–æ–∏–∑–æ—à–ª–æ (–Ω–µ –∑–∞—á–∏—Å–ª–∏–ª–æ—Å—å/–Ω–µ —Ç—É–¥–∞/–≤ –æ–±—Ä–∞–±–æ—Ç–∫–µ)?
3574,"–¢–æ –µ—Å—Ç—å —Ç–æ–ª—å–∫–æ –∫–∞—Ä—Ç–æ–π, –∞ –º–∏—Ä–ø—ç–π?",ok,"291,1533,1539",
3495,"–ó–¥—Ä–∞–≤—Å—Ç–≤—É–π—Ç–µ! –û—Ñ–æ—Ä–º–ª—è–ª –∫—Ä–µ–¥–∏—Ç. –ù–∞ –¥–∞–Ω–Ω–æ–º —à–∞–≥–µ –ø—Ä–∏–ª–æ–∂–µ–Ω–∏–µ –∑–∞–≤–∏—Å–ª–æ. –ù–µ –ø–æ–Ω–∏–º–∞—é, —á—Ç–æ —Ç–µ–ø–µ—Ä—å –¥–µ–ª–∞—Ç—å",need_clarify,862,"ask_details|route_support::–£—Ç–æ—á–Ω–∏—Ç–µ, –Ω–∞ –∫–∞–∫–æ–º —à–∞–≥–µ –∑–∞–≤–∏—Å–ª–æ (–∞–Ω–∫–µ—Ç–∞/–¥–æ–∫—É–º–µ–Ω—Ç—ã/–ø–æ–¥–ø–∏—Å–∞–Ω–∏–µ/–æ–∂–∏–¥–∞–Ω–∏–µ —Ä–µ—à–µ–Ω–∏—è). –ï—Å–ª–∏ –ø–æ–≤—Ç–æ—Ä—è–µ—Ç—Å—è ‚Äî –æ–±—Ä–∞—â–µ–Ω–∏–µ –≤ –ø–æ–¥–¥–µ—Ä–∂–∫—É/—Ç–µ–ª–µ—Ñ–æ–Ω–Ω—ã–π —Ü–µ–Ω—Ç—Ä."
2125,–ù–µ –ø–æ–∫–∞–∑—ã–≤–∞–µ—Ç –Ω–æ–º–µ—Ä –∫–∞—Ä—Ç—ã,no_answer,,
4392,"–î–æ–±—Ä—ã–π –¥–µ–Ω—å! –ü–æ–¥—Å–∫–∞–∂–∏—Ç–µ, –µ—Å—Ç—å –ª–∏ –∫–∞–∫–∞—è-—Ç–æ —Å–∫–∏–¥–∫–∞ –ø—Ä–∏ –ø–æ–∫—É–ø–∫–µ –±–∏–∑–Ω–µ—Å –ª–∞—É–Ω–∂–∞ –≤ –∞—ç—Ä–æ–ø–æ—Ä—Ç—É –î–æ–º–æ–¥–µ–¥–æ–≤–æ –∫–ª–∏–µ–Ω—Ç—É –ê–ª—å—Ñ–∞ –ë–∞–Ω–∫–∞",need_clarify,"118,863,865,1747","ask_product::–£—Ç–æ—á–Ω–∏—Ç–µ, —É –≤–∞—Å –ø—Ä–µ–º–∏—É–º (Alfa Only / Travel / Aeroflot) –∏–ª–∏ –æ–±—ã—á–Ω–∞—è –∫–∞—Ä—Ç–∞: —Å–∫–∏–¥–∫–∏/–∫–æ–º–ø–µ–Ω—Å–∞—Ü–∏–∏ –∑–∞ –±–∏–∑–Ω–µ—Å-–∑–∞–ª—ã –∑–∞–≤–∏—Å—è—Ç –æ—Ç –ø–∞–∫–µ—Ç–∞. –î–ª—è —É—Ç–æ—á–Ω–µ–Ω–∏—è —É—Å–ª–æ–≤–∏–π –º–æ–∂–Ω–æ –æ–±—Ä–∞—Ç–∏—Ç—å—Å—è –≤ ¬´–ê–ª—å—Ñ–∞-–ö–æ–Ω—Å—É–ª—å—Ç–∞–Ω—Ç¬ª."
734,–ü–æ—á–µ–º—É –Ω–µ –æ—Ç–æ–±—Ä–∞–∂–∞–µ—Ç—Å—è —Å—É–º–º–∞,need_clarify,"109,862,1543","ask_details::–£—Ç–æ—á–Ω–∏—Ç–µ, –≥–¥–µ –∏–º–µ–Ω–Ω–æ –Ω–µ –≤–∏–¥–Ω–æ —Å—É–º–º—É: –±–∞–ª–∞–Ω—Å –∫–∞—Ä—Ç—ã/—Å—á—ë—Ç–∞, —Å—É–º–º–∞ –æ–ø–µ—Ä–∞—Ü–∏–∏, —Å—É–º–º–∞ –ø–µ—Ä–µ–≤–æ–¥–∞, –∫—ç—à–±—ç–∫/–≤—ã–ø–ª–∞—Ç–∞, –∏–Ω–≤–µ—Å—Ç–∏—Ü–∏–∏ (QUIK). –ï—Å–ª–∏ —Å—Ä–æ—á–Ω–æ ‚Äî —á–µ—Ä–µ–∑ ¬´–ê–ª—å—Ñ–∞-–ö–æ–Ω—Å—É–ª—å—Ç–∞–Ω—Ç¬ª –ø–æ–º–æ–≥—É—Ç –ø—Ä–æ–≤–µ—Ä–∏—Ç—å."
1104,–†–µ–∫–æ–º–µ–Ω–¥–∞—Ü–∏—è —Å—á—ë—Ç –¥–ª—è –∏–Ω–≤–µ—Å—Ç–∏—Ü–∏–π,need_clarify,"451,1080,1086,1293,1790","ask_details::–£—Ç–æ—á–Ω–∏—Ç–µ, —á—Ç–æ –∏–º–µ–Ω–Ω–æ –≤—ã —Ö–æ—Ç–∏—Ç–µ: –±—Ä–æ–∫–µ—Ä—Å–∫–∏–π —Å—á—ë—Ç –∏–ª–∏ –ò–ò–°, –∏ –¥–ª—è –∫–∞–∫–∏—Ö —Ü–µ–ª–µ–π (–¥–æ–ª–≥–æ—Å—Ä–æ–∫ / –Ω–∞–ª–æ–≥–æ–≤—ã–π –≤—ã—á–µ—Ç / –∞–∫—Ç–∏–≤–Ω–∞—è —Ç–æ—Ä–≥–æ–≤–ª—è)."
1062,–ö–∞–∫ –ø–æ–¥–∫–ª—é—á–∏—Ç—å –∞–ª—å—Ñ–∞ ld,need_clarify,,"ask_details::–£—Ç–æ—á–Ω–∏—Ç–µ, —á—Ç–æ –≤—ã –∏–º–µ–µ—Ç–µ –≤ –≤–∏–¥—É –ø–æ–¥ ¬´–∞–ª—å—Ñ–∞ ld¬ª ‚Äî –Ω–∞–∑–≤–∞–Ω–∏–µ —É—Å–ª—É–≥–∏/–ø—Ä–æ–¥—É–∫—Ç–∞ —É–∫–∞–∑–∞–Ω–æ –Ω–µ—è—Å–Ω–æ."
178,–ú—É–∂ –≤—ã–ø—É—Å—Ç–∏–ª –Ω–∞ –º–µ–Ω—è –∫–∞—Ä—Ç—É –Ω–æ –æ–Ω–∞ –Ω–µ –æ—Ç–æ–±—Ä–∞–∂–∞–µ—Ç—Å—è –≤ –∫–∞–±–∏–Ω–µ—Ç–µ,need_clarify,,ask_details|how_to_check|route_support::–£—Ç–æ—á–Ω–∏—Ç–µ: –≥–¥–µ –Ω–µ –æ—Ç–æ–±—Ä–∞–∂–∞–µ—Ç—Å—è –∫–∞—Ä—Ç–∞ –∏ –∫–∞–∫–∞—è (–¥–æ–ø–æ–ª–Ω–∏—Ç–µ–ª—å–Ω–∞—è/–≤–∏—Ä—Ç—É–∞–ª—å–Ω–∞—è)?
684,–ó–∞–º–µ–Ω–∞ –ø–∞—Ä–æ–ª—è,need_clarify,"692,846,1277,1601,1726","ask_channel|ask_product::–£—Ç–æ—á–Ω–∏—Ç–µ, –≥–¥–µ —Ö–æ—Ç–∏—Ç–µ —Å–º–µ–Ω–∏—Ç—å –ø–∞—Ä–æ–ª—å (–ê–ª—å—Ñ–∞-–ë–∏–∑–Ω–µ—Å/–∏–Ω—Ç–µ—Ä–Ω–µ—Ç-—ç–∫–≤–∞–π—Ä–∏–Ω–≥/–ê–ª—å—Ñ–∞-–ò–Ω–≤–µ—Å—Ç–∏—Ü–∏–∏) –∏ –∫–∞–∫–æ–π –∏–º–µ–Ω–Ω–æ –ø–∞—Ä–æ–ª—å (–≤—Ä–µ–º–µ–Ω–Ω—ã–π/–ø–µ—Ä–≤–∏—á–Ω—ã–π/–¥–ª—è –≤—Ö–æ–¥–∞)."
2918,–û—Ü–µ–Ω–∫–∞ 0,need_clarify,1715,"ask_details::–£—Ç–æ—á–Ω–∏—Ç–µ, —á—Ç–æ –∑–Ω–∞—á–∏—Ç ¬´–æ—Ü–µ–Ω–∫–∞ 0¬ª: –æ—Ü–µ–Ω–∫–∞ –æ–±—Å–ª—É–∂–∏–≤–∞–Ω–∏—è/–ø—Ä–∏–ª–æ–∂–µ–Ω–∏—è/—Å–¥–µ–ª–∫–∏/–∫—Ä–µ–¥–∏—Ç–Ω–æ–≥–æ —Å–∫–æ—Ä–∏–Ω–≥–∞ –∏–ª–∏ —Ä–µ–∑—É–ª—å—Ç–∞—Ç –∞–Ω–∫–µ—Ç—ã/–ø—Ä–æ—Ñ–∏–ª—è –∏–Ω–≤–µ—Å—Ç–æ—Ä–∞."
1003,–°—Ç–∞—Ç—É—Å –∫–∞—Ä—Ç—ã,need_clarify,"862,1489,1621","ask_channel|ask_details::–£—Ç–æ—á–Ω–∏—Ç–µ, –æ –∫–∞–∫–æ–º —Å—Ç–∞—Ç—É—Å–µ –∫–∞—Ä—Ç—ã –∏–¥—ë—Ç —Ä–µ—á—å (–∞–∫—Ç–∏–≤–Ω–∞/–∑–∞–±–ª–æ–∫–∏—Ä–æ–≤–∞–Ω–∞/–≤—ã–ø—É—â–µ–Ω–∞/–¥–æ—Å—Ç–∞–≤–ª—è–µ—Ç—Å—è) –∏ –≥–¥–µ –≤—ã –µ–≥–æ –ø—Ä–æ–≤–µ—Ä—è–µ—Ç–µ ‚Äî –≤ –ø—Ä–∏–ª–æ–∂–µ–Ω–∏–∏, –ê–ª—å—Ñ–∞-–û–Ω–ª–∞–π–Ω –∏–ª–∏ –ø–æ —Ç–µ–ª–µ—Ñ–æ–Ω—É."
4241,–î–æ–±—Ä—ã–π –¥–µ–Ω—å! –Ø –±—ã —Ö–æ—Ç–µ–ª–∞ —É—Ç–æ—á–Ω–∏—Ç—å –æ —Å–Ω–∏–∂–µ–Ω–∏–∏ –ø—Ä–æ—Ü–µ–Ω—Ç–Ω–æ–π —Å—Ç–∞–≤–∫–∏ –ø–æ –º–æ–µ–º—É –∫—Ä–µ–¥–∏—Ç—É,need_clarify,"259,1055","ask_details|ask_product::–£—Ç–æ—á–Ω–∏—Ç–µ, –ø–æ –∫–∞–∫–æ–º—É –∫—Ä–µ–¥–∏—Ç—É –≤—ã —Ö–æ—Ç–∏—Ç–µ —Å–Ω–∏–∑–∏—Ç—å —Å—Ç–∞–≤–∫—É (–∏–ø–æ—Ç–µ–∫–∞/–ø–æ—Ç—Ä–µ–±–∏—Ç–µ–ª—å—Å–∫–∏–π/–∫—Ä–µ–¥–∏—Ç–Ω–∞—è –∫–∞—Ä—Ç–∞) –∏ —á—Ç–æ –∏–∑–º–µ–Ω–∏–ª–æ—Å—å –≤ –≤–∞—à–µ–π —Å–∏—Ç—É–∞—Ü–∏–∏ (—Å—Ç—Ä–∞—Ö–æ–≤–∫–∞, –¥–æ—Ö–æ–¥, —Ä–µ—Ñ–∏–Ω–∞–Ω—Å–∏—Ä–æ–≤–∞–Ω–∏–µ)."
6127,–ó–¥—Ä–∞–≤—Å—Ç–≤—É–π—Ç–µ! –•–æ—á—É –Ω–∞—Å—Ç—Ä–æ–∏—Ç—å –∞–≤—Ç–æ–ø–ª–∞—Ç—ë–∂ –≤ –ø—Ä–∏–ª–æ–∂–µ–Ω–∏–∏ –º–æ–π –Ω–∞–ª–æ–≥.  –ù–µ –ø—Ä–∏—Ö–æ–¥–∏—Ç –∫–æ–¥ –ø–æ–¥—Ç–≤–µ—Ä–∂–¥–µ–Ω–∏—è. ,need_clarify,"321,862","ask_channel|ask_details|route_support::–£—Ç–æ—á–Ω–∏—Ç–µ, –∫—É–¥–∞ –∏–º–µ–Ω–Ω–æ –Ω–µ –ø—Ä–∏—Ö–æ–¥–∏—Ç –∫–æ–¥ (–≤ ¬´–ú–æ–π –Ω–∞–ª–æ–≥¬ª –ø—Ä–∏ –ø—Ä–∏–≤—è–∑–∫–µ –∫–∞—Ä—Ç—ã/–∞–≤—Ç–æ–ø–ª–∞—Ç–µ–∂–µ –∏–ª–∏ SMS –æ—Ç –±–∞–Ω–∫–∞) –∏ –∫–∞–∫–∞—è –∫–∞—Ä—Ç–∞/—Ç–µ–ª–µ—Ñ–æ–Ω –ø—Ä–∏–≤—è–∑–∞–Ω—ã ‚Äî –µ—Å–ª–∏ —ç—Ç–æ –±–∞–Ω–∫–æ–≤—Å–∫–∏–π –∫–æ–¥, –æ–±—Ä–∞—Ç–∏—Ç–µ—Å—å –≤ –ø–æ–¥–¥–µ—Ä–∂–∫—É."
5596,–ü–æ–¥—Å–∫–∞–∂–∏—Ç–µ —á–µ—Ä–µ–∑ —Å–∫–æ–ª—å–∫–æ –¥–µ–±–µ—Ç–æ–≤–∞—è –∫–∞—Ä—Ç–∞ —Å –ò–º–µ–Ω–µ–º –∏ –§–∞–º–∏–ª–∏–µ–π –±—É–¥–µ—Ç –ø–µ—Ä–µ–≤—ã–ø—É—â–µ–Ω–∞ ,need_clarify,"862,1907","ask_channel|ask_details::–£—Ç–æ—á–Ω–∏—Ç–µ, –∫–∞–∫ –æ—Ñ–æ—Ä–º–ª—è–µ—Ç–µ –ø–µ—Ä–µ–≤—ã–ø—É—Å–∫ (–≤ –ø—Ä–∏–ª–æ–∂–µ–Ω–∏–∏/–ê–ª—å—Ñ–∞-–û–Ω–ª–∞–π–Ω/–≤ –æ—Ç–¥–µ–ª–µ–Ω–∏–∏) –∏ –ø—Ä–∏—á–∏–Ω–∞ –ø–µ—Ä–µ–≤—ã–ø—É—Å–∫–∞ ‚Äî —Å—Ä–æ–∫–∏ –∑–∞–≤–∏—Å—è—Ç –æ—Ç —Å–ø–æ—Å–æ–±–∞ –ø–æ–ª—É—á–µ–Ω–∏—è –∏ —Ç–∏–ø–∞ –∫–∞—Ä—Ç—ã."
643,–ö—ç—à–±—ç–∫ –∞–ª—å—Ñ–∞ –¢—Ä—ç–≤–µ–ª ,ok,"4,794,1313",
2285,–ì–¥–µ –ø–æ—Å–º–æ—Ç—Ä–µ—Ç—å —Å—á–µ—Ç –ø—Ä–∏–≤—è–∑–∞–Ω–Ω—ã–π –∫ –∫–∞—Ä—Ç–µ,ok,"1528,1906",
1927,–ì–¥–µ –Ω–∞–π—Ç–∏ —Ä–∞—Å—á–µ—Ç–Ω—ã–π —Å—á—ë—Ç –∫–∞—Ä—Ç—ã,need_clarify,"368,1157,1607","ask_details|ask_product::–£—Ç–æ—á–Ω–∏—Ç–µ, —Ä–µ—á—å –ø—Ä–æ –∫–∞—Ä—Ç—É —Ñ–∏–∑–ª–∏—Ü–∞ –≤ –ø—Ä–∏–ª–æ–∂–µ–Ω–∏–∏ –ê–ª—å—Ñ–∞-–ë–∞–Ω–∫ –∏–ª–∏ –ø—Ä–æ –±–∏–∑–Ω–µ—Å-–∫–∞—Ä—Ç—É/–†–ö–û: –≥–¥–µ –∏–º–µ–Ω–Ω–æ —Å–º–æ—Ç—Ä–∏—Ç–µ (–ø—Ä–∏–ª–æ–∂–µ–Ω–∏–µ/–∏–Ω—Ç–µ—Ä–Ω–µ—Ç-–±–∞–Ω–∫)."
1321,–º–Ω–µ —Å–µ–π—á–∞—Å —Å–æ—Ç—Ä—É–¥–Ω–∏–∫ –∞–ª—å—Ñ–∞—Å—Ç—Ä–∞—Ö–æ–≤–∞–Ω–∏—è —É—Ç–≤–µ—Ä–∂–¥–∞–µ—Ç —á—Ç–æ –≤—ã –Ω–µ–∫–æ–º–ø–µ—Ç–µ–Ω—Ç–Ω—ã –∏ —Å—Ç–∞–≤–∫–∞ –º–æ–∂–µ—Ç –ø–æ–≤—ã—Å–∏—Ç—å—Å—è –∏ –µ—Å–ª–∏ –æ–Ω–∞ –ø–æ–≤—ã—Å–∏—Ç—Å—è —ç—Ç–æ –±—É–¥–µ—Ç –Ω–∞ –º–æ–µ–π –æ—Ç–≤–µ—Ç—Å—Ç–≤–µ–Ω–Ω–æ—Å—Ç–∏,need_clarify,"259,1875","ask_details|ask_product|docs_policy::–ü–æ—Ö–æ–∂–µ –Ω–∞ –∫–µ–π—Å –ø–æ –∫—Ä–µ–¥–∏—Ç—É —Å–æ —Å—Ç—Ä–∞—Ö–æ–≤–∫–æ–π: —Å—Ç–∞–≤–∫–∞ –º–æ–∂–µ—Ç –≤—ã—Ä–∞—Å—Ç–∏ –ø—Ä–∏ –ø—Ä–æ—Å—Ä–æ—á–∫–µ/–Ω–µ–ø—Ä–∏–Ω—è—Ç–∏–∏ –ø–æ–ª–∏—Å–∞. –ù—É–∂–µ–Ω –∫–æ–Ω—Ç–µ–∫—Å—Ç: —Ç–∏–ø –∫—Ä–µ–¥–∏—Ç–∞ (–∏–ø–æ—Ç–µ–∫–∞/–ø–æ—Ç—Ä–µ–±/–∞–≤—Ç–æ), –≤–∏–¥ —Å—Ç—Ä–∞—Ö–æ–≤–∫–∏, —á—Ç–æ —Å–ª—É—á–∏–ª–æ—Å—å (–Ω–µ –ø—Ä–æ–¥–ª—ë–Ω/–Ω–µ –ø–æ–¥—Ö–æ–¥–∏—Ç/–∫—É–ø–ª–µ–Ω –Ω–µ —Ç–∞–º)."
5431,–ú–æ–≥—É –ª–∏ —è –∫–∞–∫ –æ–æ –ø–æ—Å—Ç–∞–≤–∏—Ç –∑–∞–ø—Ä–µ—Ç –Ω–∞ —Å–Ω—è—Ç–∏—è —ç—Ç–æ–π –ø–æ–¥–ø–∏—Å–∫–∏? –ò–ª–∏ —Ç–æ–ª—å–∫–æ –ø–µ—Ä–µ–≤—ã–ø—É—Å–∫ –∫–∞—Ä—Ç—ã?,need_clarify,"1760,1761,1907",ask_details::–í–æ–ø—Ä–æ—Å –ø—Ä–æ –æ—Å—Ç–∞–Ω–æ–≤–∫—É —Å–ø–∏—Å–∞–Ω–∏–π –ø–æ –ø–æ–¥–ø–∏—Å–∫–µ: –º–æ–∂–Ω–æ –ª–∏ –æ–≥—Ä–∞–Ω–∏—á–∏—Ç—å –æ–ø–µ—Ä–∞—Ü–∏–∏/–ø–ª–∞—Ç–µ–∂–∏ –ø–æ –∫–∞—Ä—Ç–µ –∏–ª–∏ –Ω—É–∂–µ–Ω –ø–µ—Ä–µ–≤—ã–ø—É—Å–∫.
5079,–ø–æ–¥–∫–ª—é—á–∏—Ç—å —Å–±–ø,ok,"292,692,1722",
394,–ü–æ –∫–∞–∫–∏–º –æ–ø–µ—Ä–∞—Ü–∏—è–º,need_clarify,"169,819,932,1027",ask_channel|ask_details|ask_product::–ö—ç—à–±—ç–∫ –ø–æ QR –∑–∞–≤–∏—Å–∏—Ç –æ—Ç —Ç–∏–ø–∞ –æ–ø–ª–∞—Ç—ã: –µ—Å–ª–∏ —ç—Ç–æ –°–ë–ü/–ø–µ—Ä–µ–≤–æ–¥ –ø–æ QR ‚Äî —á–∞—Å—Ç–æ –∫—ç—à–±—ç–∫–∞ –Ω–µ—Ç; –µ—Å–ª–∏ QR –≤–µ–¥—ë—Ç –Ω–∞ –æ–ø–ª–∞—Ç—É –ø–æ–∫—É–ø–∫–∏ —É –ø—Ä–æ–¥–∞–≤—Ü–∞ (—ç–∫–≤–∞–π—Ä–∏–Ω–≥/–∫–∞—Ä—Ç–∞) ‚Äî –º–æ–∂–µ—Ç –±—ã—Ç—å. –ù—É–∂–µ–Ω —Ç–∏–ø QR (–°–ë–ü –∏–ª–∏ –æ–ø–ª–∞—Ç–∞ –∫–∞—Ä—Ç–æ–π —É –º–µ—Ä—á–∞–Ω—Ç–∞).
6934,–Ø–∫–æ–±—ã –ø—Ä–æ–≤–µ—Ä–∏—Ç—å —Ä–∞–±–æ—Ç–∞—é—Ç –ª–∏ –æ–ø–µ—Ä–∞—Ü–∏–∏,need_clarify,862,"ask_details|route_support|security_urgent::–§—Ä–∞–∑–∞ –≤—ã–≥–ª—è–¥–∏—Ç –∫–∞–∫ –≤–æ–∑–º–æ–∂–Ω—ã–π –º–æ—à–µ–Ω–Ω–∏—á–µ—Å–∫–∏–π –∑–≤–æ–Ω–æ–∫ (¬´–ø—Ä–æ–≤–µ—Ä–∏—Ç—å, —Ä–∞–±–æ—Ç–∞—é—Ç –ª–∏ –æ–ø–µ—Ä–∞—Ü–∏–∏¬ª). –£—Ç–æ—á–Ω–∏—Ç—å: –∫—Ç–æ –∑–≤–æ–Ω–∏—Ç (–±–∞–Ω–∫/–Ω–µ –±–∞–Ω–∫), —á—Ç–æ –ø—Ä–æ—Å—è—Ç —Å–¥–µ–ª–∞—Ç—å (–ø–ª–∞—Ç—ë–∂/–∫–æ–¥/–¥–∞–Ω–Ω—ã–µ). –†–µ–∫–æ–º–µ–Ω–¥–∞—Ü–∏—è ‚Äî –ø—Ä–µ–∫—Ä–∞—Ç–∏—Ç—å —Ä–∞–∑–≥–æ–≤–æ—Ä –∏ –æ–±—Ä–∞—Ç–∏—Ç—å—Å—è –≤ –æ—Ñ–∏—Ü–∏–∞–ª—å–Ω—ã–π –∫–æ–Ω—Ç–∞–∫—Ç-—Ü–µ–Ω—Ç—Ä."
3957,–°–µ–≥–æ–¥–Ω—è –ø—Ä–æ–∏–∑–≤–µ–¥—ë–Ω –ø–ª–∞—Ç—ë–∂ 0‚ÄØ000 ‚ÇΩ. –ü—Ä–æ—à—É –∑–∞—á–µ—Å—Ç—å –µ–≥–æ –≤ —Å—á—ë—Ç –æ—Å–Ω–æ–≤–Ω–æ–≥–æ –¥–æ–ª–≥–∞ –∏ –ø—Ä–æ—Ü–µ–Ω—Ç–æ–≤ –ø–æ –∫—Ä–µ–¥–∏—Ç—É. –°–ª–µ–¥—É—é—â–∏–π –ø–ª–∞—Ç—ë–∂ –ø–ª–∞–Ω–∏—Ä—É—é –≤–Ω–µ—Å—Ç–∏ –≤ —É—Å—Ç–∞–Ω–æ–≤–ª–µ–Ω–Ω–æ–º —Ä–∞–Ω–µ–µ –ø–æ—Ä—è–¥–∫–µ,need_clarify,862,"ask_channel|how_to_do|route_support::–≠—Ç–æ –æ–±—Ä–∞—â–µ–Ω–∏–µ/–∑–∞—è–≤–ª–µ–Ω–∏–µ –ø–æ –∫—Ä–µ–¥–∏—Ç—É (–∑–∞—á–µ—Å—Ç—å –ø–ª–∞—Ç—ë–∂ –≤ —Å—á—ë—Ç –¥–æ–ª–≥–∞). –ù—É–∂–Ω–æ —É—Ç–æ—á–Ω–∏—Ç—å, –∫—É–¥–∞ –∏ –∫–∞–∫ –ø–æ–¥–∞—Ç—å: –≤ —á–∞—Ç–µ/–ø—Ä–∏–ª–æ–∂–µ–Ω–∏–∏, –ø–æ —Ç–µ–ª–µ—Ñ–æ–Ω—É –∏–ª–∏ —á–µ—Ä–µ–∑ –æ—Ñ–∏—Å; –≤–æ–∑–º–æ–∂–Ω—ã –ø—Ä–∞–≤–∏–ª–∞ –∞–≤—Ç–æ–∑–∞—á—ë—Ç–∞. –†–µ–∫–æ–º–µ–Ω–¥–æ–≤–∞–Ω –æ—Ñ–∏—Ü–∏–∞–ª—å–Ω—ã–π –∫–∞–Ω–∞–ª –ø–æ–¥–¥–µ—Ä–∂–∫–∏"
5007,"–û—Ç–∫–ª—é—á–∏—Ç—å –≤—Å–µ —É–≤–µ–¥–æ–º–ª–µ–Ω–∏—è , –∏ –≤–µ—Ä–Ω—É—Ç—å –¥–µ–Ω—å–≥–∏ –∑–∞ —Å–ø–∏—Å–∞–Ω–∏–µ ",ok,"862,1924",
5329,"–ó–¥—Ä–∞–≤—Å—Ç–≤—É–π—Ç–µ, –∫–æ–≥–¥–∞ –∑–∞–∫—Ä–æ—é—Ç –∫—Ä–µ–¥–∏—Ç ",need_clarify,,"ask_details|how_to_check|route_support::–í–æ–ø—Ä–æ—Å —Å–ª–∏—à–∫–æ–º –æ–±—â–∏–π. –ù—É–∂–Ω–æ —É—Ç–æ—á–Ω–∏—Ç—å: –∫–∞–∫–æ–π –∫—Ä–µ–¥–∏—Ç (–∏–ø–æ—Ç–µ–∫–∞/–ø–æ—Ç—Ä–µ–±/–∫–∞—Ä—Ç–∞), –µ—Å—Ç—å –ª–∏ –¥–æ—Å—Ä–æ—á–Ω–æ–µ –ø–æ–≥–∞—à–µ–Ω–∏–µ, –∫–æ–≥–¥–∞ –±—ã–ª –ø–æ—Å–ª–µ–¥–Ω–∏–π –ø–ª–∞—Ç—ë–∂. –°—Ç–∞—Ç—É—Å –∏ –¥–∞—Ç—É –∑–∞–∫—Ä—ã—Ç–∏—è –º–æ–∂–Ω–æ –ø—Ä–æ–≤–µ—Ä–∏—Ç—å –≤ –ø—Ä–∏–ª–æ–∂–µ–Ω–∏–∏ –∏–ª–∏ —á–µ—Ä–µ–∑ –ø–æ–¥–¥–µ—Ä–∂–∫—É."
6132,–ö–∞–∫ –∑–∞–ø—Ä–∞–≤–∏—Ç—å—Å—è –∏ —Ä–∞—Å—á–∏—â–∞—Ç—å—Å—è –∞–ª—å—Ñ–∞ –∑–∞–ø—Ä–∞–≤–∫–∞,need_clarify,"1704,1705","ask_details|how_to_do::–†–µ—á—å –ø—Ä–æ —Å–µ—Ä–≤–∏—Å ¬´–ê–ª—å—Ñ–∞-–ó–∞–ø—Ä–∞–≤–∫–∏¬ª. –ù—É–∂–Ω–æ —É—Ç–æ—á–Ω–∏—Ç—å: –≥–¥–µ –∑–∞–ø—Ä–∞–≤–ª—è–µ—Ç—Å—è (–ê–ó–°-–ø–∞—Ä—Ç–Ω—ë—Ä), —á–µ–º –ø–ª–∞—Ç–∏—Ç (–∫–∞—Ä—Ç–∞/Alfa Pay), –∏ —á—Ç–æ –∏–º–µ–Ω–Ω–æ –Ω–µ –ø–æ–ª—É—á–∞–µ—Ç—Å—è ‚Äî –∑–∞–ø—Ä–∞–≤–∏—Ç—å—Å—è –∏–ª–∏ —Ä–∞—Å—Å—á–∏—Ç–∞—Ç—å—Å—è. –ò–Ω—Å—Ç—Ä—É–∫—Ü–∏—è –∑–∞–≤–∏—Å–∏—Ç –æ—Ç —Å—Ü–µ–Ω–∞—Ä–∏—è."
2506,–î–æ–±—Ä—ã–π –¥–µ–Ω—å. –ü—Ä–æ—à—É –ø—Ä–æ–≤–µ—Ä–∏—Ç—å –ø–æ—Å—Ç—É–ø–ª–µ–Ω–∏–µ –¥–µ–Ω–µ–∂–Ω—ã—Ö —Å—Ä–µ–¥—Å—Ç–≤ –≤ —Å—á—ë—Ç –ø–æ–≥–∞—à–µ–Ω–∏—è –¥–æ–ª–≥–∞ –ø–æ –∫—Ä–µ–¥–∏—Ç–Ω–æ–π –∫–∞—Ä—Ç–µ.,need_clarify,"862,886","ask_details::–ü–µ—Ä—Å–æ–Ω–∞–ª—å–Ω–∞—è –ø—Ä–æ–≤–µ—Ä–∫–∞ –∑–∞—á–∏—Å–ª–µ–Ω–∏—è –ø–æ –∫—Ä–µ–¥–∏—Ç–∫–µ: –≤ —Å–ø—Ä–∞–≤–∫–µ/–ê–ª—å—Ñ–∞-–û–Ω–ª–∞–π–Ω ‚Üí ¬´–ö—Ä–µ–¥–∏—Ç—ã¬ª —Å–º–æ—Ç—Ä–∏—Ç–µ —Å—Ç–∞—Ç—É—Å –ø–ª–∞—Ç–µ–∂–∞; –µ—Å–ª–∏ –Ω–µ –æ—Ç—Ä–∞–∑–∏–ª—Å—è ‚Äî –æ–±—Ä–∞—â–µ–Ω–∏–µ –≤ –ø–æ–¥–¥–µ—Ä–∂–∫—É/–ê–ª—å—Ñ–∞-–ö–æ–Ω—Å—É–ª—å—Ç–∞–Ω—Ç —Å –¥–∞—Ç–æ–π, —Å—É–º–º–æ–π –∏ —Å–ø–æ—Å–æ–±–æ–º –ø–ª–∞—Ç–µ–∂–∞ (–±–µ–∑ –ü–î–Ω)."
6253,–î–æ–±—Ä—ã–π –¥–µ–Ω—å! –ö–∞–∫ –ø–æ–¥—Ç–≤–µ—Ä–¥–∏—Ç—å –Ω–æ–º–µ—Ä —Ç–µ–ª–µ—Ñ–æ–Ω–∞?,ok,"114,862",
1600,–ü–µ—Ä–µ–≤–æ–¥ —Å–æ–±—Å—Ç–≤–µ–Ω–Ω—ã—Ö —Å—Ä–µ–¥—Å—Ç–≤ —Å –∫—Ä–µ–¥–∏—Ç–Ω–æ–π –∫–∞—Ä—Ç—ã,ok,"165,938,1704,1705",
1243,–ö–∞–∫–∞—è –∫–∞—Ä—Ç–∞ –ø–ª–∞—Å—Ç–∏–∫–æ–≤–∞—è,ok,"1629,1745",
6345,–û—Ü–µ–Ω–∫–∞ 0.,need_clarify,,"ask_details::–ó–∞–ø—Ä–æ—Å —Å–ª–∏—à–∫–æ–º –∫–æ—Ä–æ—Ç–∫–∏–π –∏ –±–µ–∑ –∫–æ–Ω—Ç–µ–∫—Å—Ç–∞ (‚Äú–û—Ü–µ–Ω–∫–∞ 0.‚Äù) ‚Äî –Ω–µ–ø–æ–Ω—è—Ç–Ω–æ, —á—Ç–æ –∏–º–µ–Ω–Ω–æ –æ—Ü–µ–Ω–∏–≤–∞–µ—Ç—Å—è: –∫—ç—à–±—ç–∫/–∫–∞—Ç–µ–≥–æ—Ä–∏—è, –∫–æ–º–∏—Å—Å–∏—è/—Å–ø–∏—Å–∞–Ω–∏–µ, –∫—Ä–µ–¥–∏—Ç–Ω—ã–π —Å–∫–æ—Ä–∏–Ω–≥, –æ—Ü–µ–Ω–∫–∞ –∫–∞—á–µ—Å—Ç–≤–∞ —Å–µ—Ä–≤–∏—Å–∞, –æ—Ü–µ–Ω–∫–∞ –∑–∞—è–≤–∫–∏/–ª–∏–º–∏—Ç–∞ –∏ —Ç.–¥. –ù—É–∂–Ω—ã –¥–µ—Ç–∞–ª–∏ (–∫–∞–∫–æ–π –ø—Ä–æ–¥—É–∫—Ç/—Ä–∞–∑–¥–µ–ª –∏ —á—Ç–æ –∑–Ω–∞—á–∏—Ç ¬´0¬ª)."
5267,–•–æ—Ç–∏—Ç–µ —Å–∫–∞–∑–∞—Ç—å —á—Ç–æ –º–Ω–µ –Ω–µ–ª—å–∑—è –ø–æ–ª—å–∑–æ–≤–∞—Ç—å—Å—è —Å —ç—Ç–æ–π –∫–∞—Ä—Ç–æ–π,need_clarify,1536,"ask_details|route_support::–ü–æ—Ö–æ–∂–µ –Ω–∞ —Ä–µ–∞–∫—Ü–∏—é –Ω–∞ –æ—Ç–∫–∞–∑/–æ–≥—Ä–∞–Ω–∏—á–µ–Ω–∏–µ –ø–æ –∫–∞—Ä—Ç–µ. –ù—É–∂–Ω–æ —É—Ç–æ—á–Ω–∏—Ç—å, —á—Ç–æ –∏–º–µ–Ω–Ω–æ –Ω–µ –ø—Ä–æ—Ö–æ–¥–∏—Ç (–ø–ª–∞—Ç—ë–∂/—Å–Ω—è—Ç–∏–µ/–ø–µ—Ä–µ–≤–æ–¥), –≥–¥–µ (–æ–Ω–ª–∞–π–Ω/–æ—Ñ—Ñ–ª–∞–π–Ω), –∏ –µ—Å—Ç—å –ª–∏ —É–≤–µ–¥–æ–º–ª–µ–Ω–∏–µ –æ –ø—Ä–∏—á–∏–Ω–µ. –û–≥—Ä–∞–Ω–∏—á–µ–Ω–∏—è –º–æ–≥—É—Ç –±—ã—Ç—å –≤—Ä–µ–º–µ–Ω–Ω—ã–º–∏ (–ª–∏–º–∏—Ç—ã, –∏–¥–µ–Ω—Ç–∏—Ñ–∏–∫–∞—Ü–∏—è, —Ç–∏–ø –æ–ø–µ—Ä–∞—Ü–∏–∏); –¥–ª—è —Ç–æ—á–Ω–æ–π –ø—Ä–∏—á–∏–Ω—ã ‚Äî –æ–±—Ä–∞—â–µ–Ω–∏–µ –≤ –ø–æ–¥–¥–µ—Ä–∂–∫—É."
2987,–ü–æ—Å–º–æ—Ç—Ä–µ—Ç—å –±–∞–ª–∞–Ω—Å,need_clarify,"87,891",ask_details|route_support::–ó–∞–ø—Ä–æ—Å ‚Äú–±–∞–ª–∞–Ω—Å‚Äù —Å–ª–∏—à–∫–æ–º –æ–±—â–∏–π ‚Äî —É—Ç–æ—á–Ω–∏—Ç–µ –ø—Ä–æ–¥—É–∫—Ç (–∫–∞—Ä—Ç–∞/—Å—á—ë—Ç/–∫—Ä–µ–¥–∏—Ç/–±–∏–∑–Ω–µ—Å). –û–±—ã—á–Ω–æ –±–∞–ª–∞–Ω—Å —Å–º–æ—Ç—Ä—è—Ç –≤ –ø—Ä–∏–ª–æ–∂–µ–Ω–∏–∏/–ê–ª—å—Ñ–∞-–û–Ω–ª–∞–π–Ω; –µ—Å–ª–∏ –Ω–µ –ø–æ–ª—É—á–∞–µ—Ç—Å—è ‚Äî –≤ –ø–æ–¥–¥–µ—Ä–∂–∫—É.
3026,"–î–æ–±—Ä—ã–π –≤–µ—á–µ—Ä, —è –ø–µ—Ä–µ–≤–µ–ª –ø–µ–Ω—Å–∏—é –≤ –∞–ª—å—Ñ–∞ –±–∞–Ω–∫. –ü–æ —É—Å–ª–æ–≤–∏—è–º –ø–µ—Ä–≤—É—é 0000 —Ä—É–± –∏–∑ 0000 –¥–æ–ª–∂–Ω—ã –±—ã–ª–∏ –Ω–∞—á–∏—Å–ª–∏—Ç—å –ø–æ—Å–ª–µ –æ–¥–æ–±—Ä–µ–Ω–∏—è –°–§–† –∑–∞—è–≤–ª–µ–Ω–∏—è. –£–∂–µ –≤ –ø—è—Ç–Ω–∏—Ü—É –∑–∞—è–≤–ª–µ–Ω–∏–µ –±—ã–ª–æ –æ–¥–æ–±—Ä–µ–Ω–æ, –Ω–æ –¥–µ–Ω—å–≥–∏ –Ω–µ –ø–æ—Å—Ç—É–ø–∏–ª–∏.",need_clarify,"125,423,1244","route_support::–ü–µ—Ä—Å–æ–Ω–∞–ª—å–Ω—ã–π –∫–µ–π—Å –ø—Ä–æ –ø–µ—Ä–µ–≤–æ–¥ –ø–µ–Ω—Å–∏–∏/–≤–æ–∑–Ω–∞–≥—Ä–∞–∂–¥–µ–Ω–∏–µ: —Å—Ä–æ–∫–∏ –∑–∞–≤–∏—Å—è—Ç –æ—Ç –¥–∞—Ç—ã –ø–æ–¥–∞—á–∏ –∑–∞—è–≤–ª–µ–Ω–∏—è –∏ –ø–µ—Ä–≤–æ–≥–æ —Ñ–∞–∫—Ç–∏—á–µ—Å–∫–æ–≥–æ –∑–∞—á–∏—Å–ª–µ–Ω–∏—è –ø–µ–Ω—Å–∏–∏. –ï—Å–ª–∏ –°–§–† —É–∂–µ –æ–¥–æ–±—Ä–∏–ª, –Ω–æ –¥–µ–Ω—å–≥–∏/–±–æ–Ω—É—Å –Ω–µ –ø—Ä–∏—à–ª–∏ ‚Äî –ª—É—á—à–µ –Ω–∞–ø–∏—Å–∞—Ç—å –≤ –ø–æ–¥–¥–µ—Ä–∂–∫—É —Å –¥–∞—Ç–æ–π –æ–¥–æ–±—Ä–µ–Ω–∏—è –∏ —É—Å–ª–æ–≤–∏—è–º–∏ –∞–∫—Ü–∏–∏ (–±–µ–∑ –ø–µ—Ä—Å–æ–Ω–∞–ª—å–Ω—ã—Ö –¥–∞–Ω–Ω—ã—Ö)."
4631,–Ø –ø—Ä–æ –∏–Ω–≤–µ—Å—Ç –∫–æ–ø–∏–ª–∫—É –≥–æ–≤–æ—Ä—é,ok,1279,
1421,–ö–∞–∫ –≤—ã–Ω–µ—Å—Ç–∏ –∏–∫–æ–Ω–∫—É –±–∞–Ω–∫–∞–Ω–∞ —ç–∫—Ä–∞–Ω —Ç–µ–ª–µ—Ñ–æ–Ω–∞ ?,need_clarify,"46,811,1277",how_to_do::–ù—É–∂–Ω–æ —É—Ç–æ—á–Ω–∏—Ç—å –û–° (iOS / Android) –∏ —á—Ç–æ –∏–º–µ–Ω–Ω–æ —Ö–æ—Ç—è—Ç –≤—ã–Ω–µ—Å—Ç–∏: –∏–∫–æ–Ω–∫—É –ø—Ä–∏–ª–æ–∂–µ–Ω–∏—è –∏–ª–∏ —è—Ä–ª—ã–∫ –≤–µ–±-–≤–µ—Ä—Å–∏–∏ (–æ–Ω–ª–∞–π–Ω-–±–∞–Ω–∫ / –∏–Ω–≤–µ—Å—Ç–∏—Ü–∏–∏).
1895,–ö–∞–∫ —É—Å—Ç–∞–Ω–æ–≤–∏—Ç—å –ø–∞—Ä–æ–ª—å –Ω–∞ –≤—Ö–æ–¥ –≤ –ø—Ä–∏–ª–æ–∂–µ–Ω–∏–µ,need_clarify,"116,1704,1705,1758","ask_product::–£—Ç–æ—á–Ω–∏—Ç–µ, –≤ –∫–∞–∫–æ–µ –ø—Ä–∏–ª–æ–∂–µ–Ω–∏–µ —Å—Ç–∞–≤–∏—Ç–µ –ø–∞—Ä–æ–ª—å –Ω–∞ –≤—Ö–æ–¥: –ê–ª—å—Ñ–∞-–ë–∞–Ω–∫ (–ê–ª—å—Ñ–∞-–û–Ω–ª–∞–π–Ω), –ê–ª—å—Ñ–∞-–ò–Ω–≤–µ—Å—Ç–∏—Ü–∏–∏ –∏–ª–∏ –ê–ª—å—Ñ–∞-–ë–∏–∑–Ω–µ—Å."
1731,–ö–∞–∫ —Ä–∞–∑—Ä–µ—à–∏—Ç—å –ø–µ—Ä–µ–≤–æ–¥—ã –ø–æ —Å–±–ø?,ok,"292,1555,1617",
80,–£ —ç—Ç–æ–≥–æ –Ω–æ–º–µ—Ä–∞ –∑–∞–±–ª–æ–∫–∏—Ä–æ–≤–∞–Ω —Å—á—ë—Ç.,need_clarify,"862,1600","ask_product::–ù–µ–ø–æ–Ω—è—Ç–Ω–æ, –æ –∫–∞–∫–æ–º —Å—á—ë—Ç–µ —Ä–µ—á—å: –∫–∞—Ä—Ç–∞, –≤–∫–ª–∞–¥, –±—Ä–æ–∫–µ—Ä—Å–∫–∏–π –∏–ª–∏ –±–∏–∑–Ω–µ—Å-—Å—á—ë—Ç. –£—Ç–æ—á–Ω–∏ –ø—Ä–æ–¥—É–∫—Ç –∏ –≥–¥–µ –≤–∏–¥–∏—à—å –±–ª–æ–∫–∏—Ä–æ–≤–∫—É (–ø—Ä–∏–ª–æ–∂–µ–Ω–∏–µ/–æ–Ω–ª–∞–π–Ω/—Å–æ–æ–±—â–µ–Ω–∏–µ)."
3033,–Ø —Å–¥–µ–ª–∞–ª –ø–µ—Ä–µ–≤–æ–¥ –ø–µ–Ω—Å–∏–∏ –∏ —Ö–æ—á—É —É–∑–Ω–∞—Ç—å –ø–æ–ª—É—á–∏–ª–æ—Å—å –∏–ª–∏ –Ω–µ—Ç?,ok,"125,423,862,1244",
1373,–ü–æ—á–µ–º—É –∫—Ä–µ–¥–∏—Ç–Ω–∞—è –∫–∞—Ä—Ç–∞ —Å –ø—Ä–æ—Ü–µ–Ω—Ç–∞–º–∏?,ok,"164,1026,1041,1049",
6004,–ü–æ—Å–º–æ—Ç—Ä–µ—Ç—å –≥—Ä–∞—Ñ–∏–∫ –ø–ª–∞—Ç–µ–∂–µ–π –¥–ª—è –±–µ—Å–ø—Ä–æ—Ü–µ–Ω—Ç–Ω–æ–≥–æ –ø–µ—Ä–∏–æ–¥–∞,need_clarify,"921,1026,1029",how_to_check::–í –ê–ª—å—Ñ–∞-–ë–∞–Ω–∫–µ –Ω–µ—Ç –æ—Ç–¥–µ–ª—å–Ω–æ–≥–æ ¬´–≥—Ä–∞—Ñ–∏–∫–∞ –ø–ª–∞—Ç–µ–∂–µ–π¬ª –∏–º–µ–Ω–Ω–æ –¥–ª—è –±–µ—Å–ø—Ä–æ—Ü–µ–Ω—Ç–Ω–æ–≥–æ –ø–µ—Ä–∏–æ–¥–∞ –ø–æ –∫—Ä–µ–¥–∏—Ç–Ω–æ–π –∫–∞—Ä—Ç–µ ‚Äî –µ—Å—Ç—å –¥–∞—Ç—ã –º–∏–Ω–∏–º–∞–ª—å–Ω–æ–≥–æ –ø–ª–∞—Ç–µ–∂–∞ –∏ –æ–∫–æ–Ω—á–∞–Ω–∏—è –≥—Ä–µ–π—Å-–ø–µ—Ä–∏–æ–¥–∞. –ü–æ—ç—Ç–æ–º—É –∑–∞–ø—Ä–æ—Å –Ω–µ –∏–º–µ–µ—Ç –ø—Ä—è–º–æ–≥–æ –æ—Ç–≤–µ—Ç–∞ –ø–æ –±–∞–∑–µ.
1079,–ó–¥—Ä–∞–≤—Å—Ç–≤—É–π—Ç–µ! –ü–ª–∞–Ω–∏—Ä—É—é –æ–ø–ª–∞—á–∏–≤–∞—Ç—å —Å–ø–ª–∞–≤ –∑–∞ –≥—Ä—É–ø–ø—É –ª—é–¥–µ–π. –û—Ä–≥–∞–Ω–∏–∑–∞—Ç–æ—Ä –ø—Ä–∏—Å–ª–∞–ª –∫—É–∞—Ä–∫–æ–¥. –ë—É–¥–µ—Ç –ª–∏ –∫—ç—à–±–µ–∫ –ø—Ä–∏ —Ç–∞–∫–æ–π –æ–ø–ª–∞—Ç–µ?,need_clarify,"339,862,1516,1655",ask_channel|ask_details::–ö—ç—à–±—ç–∫ –∑–∞–≤–∏—Å–∏—Ç –æ—Ç —Ç–∏–ø–∞ QR: –ø—Ä–∏ –æ–ø–ª–∞—Ç–µ —á–µ—Ä–µ–∑ –°–ë–ü —á–∞—Å—Ç–æ –Ω–µ –Ω–∞—á–∏—Å–ª—è–µ—Ç—Å—è; –ø—Ä–∏ QR-—ç–∫–≤–∞–π—Ä–∏–Ω–≥–µ ‚Äî –∑–∞–≤–∏—Å–∏—Ç –æ—Ç –ú–°–° –ø—Ä–æ–¥–∞–≤—Ü–∞. –ù—É–∂–Ω—ã –¥–µ—Ç–∞–ª–∏ —Å–ø–æ—Å–æ–±–∞ –æ–ø–ª–∞—Ç—ã.
713,–ì–¥–µ —è –º–æ–≥—É –Ω–∞–π—Ç–∏ –ë–ò–ö –±–∞–Ω–∫–∞ ?,ok,1570,
6561,–ù–µ—Ç —Å–º—Å,need_clarify,"454,455",how_to_check::–ù–µ –ø—Ä–∏—Ö–æ–¥—è—Ç SMS-–∫–æ–¥—ã/—É–≤–µ–¥–æ–º–ª–µ–Ω–∏—è: –ø—Ä–æ–≤–µ—Ä—å—Ç–µ –Ω–∞—Å—Ç—Ä–æ–π–∫–∏ —É–≤–µ–¥–æ–º–ª–µ–Ω–∏–π –∏ –Ω–æ–º–µ—Ä –≤ –ø—Ä–æ—Ñ–∏–ª–µ; –µ—Å–ª–∏ –Ω–µ –ø–æ–º–æ–≥–∞–µ—Ç ‚Äî –æ–±—Ä–∞—â–µ–Ω–∏–µ –≤ –ø–æ–¥–¥–µ—Ä–∂–∫—É.
6085,"–î–æ–±—Ä—ã–π –≤–µ—á–µ—Ä. –°–ø–∏—à–∏—Ç–µ –º–Ω–µ 00000 —Ä—É–±–ª–µ–π, –≤ —Å—á–µ—Ç –ø–æ–≥–ª–æ—â–µ–Ω–∏—è –æ—Å–Ω–æ–≤–Ω–æ–≥–æ –∫—Ä–µ–¥–∏—Ç–∞",need_clarify,862,route_support::–ó–∞–ø—Ä–æ—Å –Ω–∞ —Å–ø–∏—Å–∞–Ω–∏–µ –≤ —Å—á—ë—Ç –æ—Å–Ω–æ–≤–Ω–æ–≥–æ –¥–æ–ª–≥–∞ ‚Äî –ø–µ—Ä—Å–æ–Ω–∞–ª—å–Ω–∞—è –æ–ø–µ—Ä–∞—Ü–∏—è. –¢–∞–∫–æ–µ –æ—Ñ–æ—Ä–º–ª—è–µ—Ç—Å—è —á–µ—Ä–µ–∑ –ø–æ–¥–¥–µ—Ä–∂–∫—É/–ø—Ä–∏–ª–æ–∂–µ–Ω–∏–µ; —Å—É–º–º—É –∏ –ø—Ä–æ–¥—É–∫—Ç –Ω—É–∂–Ω–æ —É—Ç–æ—á–Ω—è—Ç—å —É –±–∞–Ω–∫–∞.
4254,–ö–∞–∫–æ–π –Ω–∞ —Å–µ–≥–æ–¥–Ω—è –ø—Ä–æ—Ü–µ–Ω—Ç –Ω–∞ –ø–æ—Ç—Ä–µ–±–∏—Ç–µ–ª—å—Å–∫–∏–π –∫—Ä–µ–¥–∏—Ç,ok,"198,214",
1881,"–û—Ñ–æ—Ä–º–∏–ª–∞ –∫—Ä–µ–¥–∏—Ç–Ω—É—é –∫–∞—Ä—Ç—É. –í –æ–Ω–ª–∞–π–Ω –±–∞–Ω–∫–µ –Ω–µ –æ—Ç–æ–±—Ä–∞–∂–∞–µ—Ç—Å—è, —á—Ç–æ –∫—Ä–µ–¥–∏—Ç –æ–¥–æ–±—Ä–µ–Ω...",need_clarify,"862,1034","ask_details::–£—Ç–æ—á–Ω–∏—Ç–µ, –ø–æ–∂–∞–ª—É–π—Å—Ç–∞: –∫–∞–∫—É—é –∏–º–µ–Ω–Ω–æ –∫—Ä–µ–¥–∏—Ç–Ω—É—é –∫–∞—Ä—Ç—É –æ—Ñ–æ—Ä–º–∏–ª–∏, –∫–æ–≥–¥–∞ –ø–æ–¥–∞–ª–∏ –∑–∞—è–≤–∫—É –∏ –≥–¥–µ —Å–º–æ—Ç—Ä–∏—Ç–µ —Å—Ç–∞—Ç—É—Å (–ø—Ä–∏–ª–æ–∂–µ–Ω–∏–µ/–ê–ª—å—Ñ–∞-–û–Ω–ª–∞–π–Ω/—Å–∞–π—Ç). –ü—Ä–∏—à–ª–æ –ª–∏ SMS/–∑–≤–æ–Ω–æ–∫ –æ–± –æ–¥–æ–±—Ä–µ–Ω–∏–∏ –∏ –ø–æ–ª—É—á–∏–ª–∏ –ª–∏/–∞–∫—Ç–∏–≤–∏—Ä–æ–≤–∞–ª–∏ –∫–∞—Ä—Ç—É?"
3186,–ö–∞–∫ –æ–ø–ª–∞—á–∏–≤–∞—Ç—å –ø–æ–∫—É–ø–∫–∏ –ø–æ —Å–ø–± —Å –º–æ–µ–π –∫—Ä–µ–¥–∏—Ç–Ω–æ–π –∫–∞—Ä—Ç—ã?,ok,"163,165,1655",
1288,"–ó–¥—Ä–∞–≤—Å—Ç–≤—É–π—Ç–µ, –µ—Å–ª–∏ —É –º–µ–Ω—è –ø—Ä–æ—Å—Ä–æ—á–∫–∏ –ø–æ –ø–ª–∞—Ç–µ–∂–∞–º –Ω–∞ –∫—Ä–∏–¥–∏—Ç–Ω–æ–π –∫–∞—Ä—Ç–µ, –ø—Ä–∏ —ç—Ç–æ–º —è –ø–æ–≥–∞—à—É –µ—ë –ø–æ–ª–Ω–æ—Å—Ç—å—é, —Å–º–æ–≥—É –ª–∏ —è –µ–π –ø–æ–ª—å–∑–æ–≤–∞—Ç—å—Å—è –≤ –¥–∞–ª—å–Ω–µ–π—à–µ–º, –∏ –Ω–µ –∏–∑–º–µ–Ω–∏—Ç—Å—è –ª–∏ –ª–∏–º–∏—Ç –ø–æ –∫–∞—Ä—Ç–µ?",need_clarify,,"ask_details::–ü–æ—Å–ª–µ –ø–æ–ª–Ω–æ–≥–æ –ø–æ–≥–∞—à–µ–Ω–∏—è –æ–±—ã—á–Ω–æ –º–æ–∂–Ω–æ –ø—Ä–æ–¥–æ–ª–∂–∞—Ç—å –ø–æ–ª—å–∑–æ–≤–∞—Ç—å—Å—è –∫—Ä–µ–¥–∏—Ç–∫–æ–π, –Ω–æ –±–∞–Ω–∫ –º–æ–∂–µ—Ç –≤—Ä–µ–º–µ–Ω–Ω–æ –æ–≥—Ä–∞–Ω–∏—á–∏—Ç—å –æ–ø–µ—Ä–∞—Ü–∏–∏ –∏–ª–∏ –ø–µ—Ä–µ—Å–º–æ—Ç—Ä–µ—Ç—å –ª–∏–º–∏—Ç. –£—Ç–æ—á–Ω–∏—Ç–µ, –∫–∞–∫–∞—è —É –≤–∞—Å –∫—Ä–µ–¥–∏—Ç–Ω–∞—è –∫–∞—Ä—Ç–∞ –∏ —á—Ç–æ —Å–µ–π—á–∞—Å —Å –Ω–µ–π (–∞–∫—Ç–∏–≤–Ω–∞/–∑–∞–±–ª–æ–∫–∏—Ä–æ–≤–∞–Ω–∞) ‚Äî –ø—Ä–æ—Å—Ä–æ—á–∫–∞ —É–∂–µ –ø–æ–ª–Ω–æ—Å—Ç—å—é –∑–∞–∫—Ä—ã—Ç–∞ –∏–ª–∏ –µ—â—ë –µ—Å—Ç—å –Ω–∞—á–∏—Å–ª–µ–Ω–∏—è (–ø—Ä–æ—Ü–µ–Ω—Ç—ã/—à—Ç—Ä–∞—Ñ—ã)."
4990,–ö–æ–≥–¥–∞ –ø—Ä–∏–¥—ë—Ç 0000 —Ä—É–±–ª–µ–π –∑–∞ –ø–µ—Ä–µ–≤–æ–¥ –ø–µ–Ω—Å–∏–∏,need_clarify,125,"ask_details::–í—ã–ø–ª–∞—Ç–∞/–±–æ–Ω—É—Å –∑–∞ –ø–µ—Ä–µ–≤–æ–¥ –ø–µ–Ω—Å–∏–∏ –ø—Ä–∏—Ö–æ–¥–∏—Ç –Ω–µ –º–≥–Ω–æ–≤–µ–Ω–Ω–æ –∏ –∑–∞–≤–∏—Å–∏—Ç –æ—Ç —É—Å–ª–æ–≤–∏–π –∞–∫—Ü–∏–∏ –∏ –¥–∞—Ç—ã —Ñ–∞–∫—Ç–∏—á–µ—Å–∫–æ–≥–æ –∑–∞—á–∏—Å–ª–µ–Ω–∏—è –ø–µ—Ä–≤–æ–π –ø–µ–Ω—Å–∏–∏. –£—Ç–æ—á–Ω–∏—Ç–µ, —Ä–µ—á—å –ø—Ä–æ –±–æ–Ω—É—Å –∑–∞ –ø–µ—Ä–µ–≤–æ–¥ –ø–µ–Ω—Å–∏–∏ –∏–ª–∏ –ø—Ä–æ —Å–∞–º—É –ø–µ–Ω—Å–∏—é, –∏ –∫–æ–≥–¥–∞ –ø–æ–¥–∞–ª–∏ –∑–∞—è–≤–ª–µ–Ω–∏–µ/–∫–æ–≥–¥–∞ –ø—Ä–∏—à–ª–æ –ø–µ—Ä–≤–æ–µ –∑–∞—á–∏—Å–ª–µ–Ω–∏–µ ‚Äî –ø–æ–¥–±–µ—Ä—ë–º —Ç–æ—á–Ω—ã–π –æ—Ç–≤–µ—Ç –ø–æ –ø—Ä–∞–≤–∏–ª–∞–º."
4914,–ü–æ–º–µ–Ω—è—Ç—å –º–µ–Ω–µ–¥–∂–µ—Ä–∞ –Ω–∞ –ì–æ—Ä–∫—É–Ω–æ–≤—É –î–∞—Ä—å—é.,need_clarify,862,"ask_product|route_support::–°–º–µ–Ω–∞ –ø–µ—Ä—Å–æ–Ω–∞–ª—å–Ω–æ–≥–æ –º–µ–Ω–µ–¥–∂–µ—Ä–∞ –æ—Ñ–æ—Ä–º–ª—è–µ—Ç—Å—è —á–µ—Ä–µ–∑ –ø–æ–¥–¥–µ—Ä–∂–∫—É/–∫–æ–Ω—Ç–∞–∫—Ç-—Ü–µ–Ω—Ç—Ä; –æ–±—Ä–∞—Ç–∏—Ç–µ—Å—å –≤ –ê–ª—å—Ñ–∞-–ö–æ–Ω—Å—É–ª—å—Ç–∞–Ω—Ç –∏ —É–∫–∞–∂–∏—Ç–µ, –∫–∞–∫–æ–≥–æ –º–µ–Ω–µ–¥–∂–µ—Ä–∞ —Ö–æ—Ç–∏—Ç–µ."
3251,–æ—Ç–∫–ª—é—á–∏—Ç—å –∫–µ—à–±–µ–∫,ok,"862,1553",
5595,–ü–æ—á–µ–º—É –Ω–∞ –º–Ω–µ –æ—Ñ–æ—Ä–º–ª–µ–Ω–∞ –∫—Ä–µ–¥–∏—Ç–Ω–∞—è –∫–∞—Ä—Ç–∞,need_clarify,1030,"security_urgent::–ü–æ—Ö–æ–∂–µ –Ω–∞ —Ä–∏—Å–∫ –Ω–µ—Å–∞–Ω–∫—Ü–∏–æ–Ω–∏—Ä–æ–≤–∞–Ω–Ω–æ–≥–æ –æ—Ñ–æ—Ä–º–ª–µ–Ω–∏—è: —Å—Ä–æ—á–Ω–æ –ø—Ä–æ–≤–µ—Ä—å—Ç–µ –≤ –ø—Ä–∏–ª–æ–∂–µ–Ω–∏–∏/–ê–ª—å—Ñ–∞-–û–Ω–ª–∞–π–Ω —Å–ø–∏—Å–æ–∫ –ø—Ä–æ–¥—É–∫—Ç–æ–≤ –∏ –¥–æ–≥–æ–≤–æ—Ä—ã/—É–≤–µ–¥–æ–º–ª–µ–Ω–∏—è, –∑–∞–±–ª–æ–∫–∏—Ä—É–π—Ç–µ –∫–∞—Ä—Ç—É (–µ—Å–ª–∏ –≤–∏–¥–∏—Ç–µ –µ—ë) –∏ —Å—Ä–∞–∑—É —Å–≤—è–∂–∏—Ç–µ—Å—å —Å –ø–æ–¥–¥–µ—Ä–∂–∫–æ–π, —á—Ç–æ–±—ã –∑–∞—Ñ–∏–∫—Å–∏—Ä–æ–≤–∞—Ç—å –æ–±—Ä–∞—â–µ–Ω–∏–µ –∏ –ø—Ä–æ–≤–µ—Ä–∏—Ç—å –∑–∞—è–≤–∫—É/–≤—ã–ø—É—Å–∫."
2441,–í –∏—Å—Ç–æ—Ä–∏–∏ –ø–ª–∞—Ç–µ–∂–∏ –ø–æ –¥–∞–Ω–Ω–æ–º—É –∫–æ–Ω—Ç—Ä–∞–≥–µ–Ω—Ç—É,need_clarify,"87,1704,1705","ask_channel::–ù–µ—è—Å–Ω–æ, –≤ –∫–∞–∫–æ–º –∫–∞–Ω–∞–ª–µ —Å–º–æ—Ç—Ä–∏—Ç–µ –∏—Å—Ç–æ—Ä–∏—é –∏ –∫–∞–∫ –∏–¥–µ–Ω—Ç–∏—Ñ–∏—Ü–∏—Ä—É–µ—Ç–µ –∫–æ–Ω—Ç—Ä–∞–≥–µ–Ω—Ç–∞ (–Ω–∞–∑–≤–∞–Ω–∏–µ/–ò–ù–ù/—Å—á—ë—Ç). –û–±—ã—á–Ω–æ –∏—â–µ—Ç—Å—è —á–µ—Ä–µ–∑ –ø–æ–∏—Å–∫/—Ñ–∏–ª—å—Ç—Ä –ø–æ –ø–æ–ª—É—á–∞—Ç–µ–ª—é."
2992,–ö–∞–∫ —É–∑–Ω–∞—Ç—å –∫–∞–∫–∞—è —Å—É–º–º–∞ –±—ã–ª–∞ —É –º–µ–Ω—è –Ω–∞ —Å—á—ë—Ç–µ 00.00.00 ?,need_clarify,"862,1573","ask_channel|ask_details|ask_product::–£—Ç–æ—á–Ω–∏—Ç–µ, –∑–∞ –∫–∞–∫–æ–π —Å—á—ë—Ç –∏ –≥–¥–µ —Ö–æ—Ç–∏—Ç–µ –ø–æ—Å–º–æ—Ç—Ä–µ—Ç—å (–ø—Ä–∏–ª–æ–∂–µ–Ω–∏–µ/–ê–ª—å—Ñ–∞-–û–Ω–ª–∞–π–Ω). –û–±—ã—á–Ω–æ —Å—É–º–º—É –Ω–∞ –¥–∞—Ç—É —Å–º–æ—Ç—Ä—è—Ç –≤ –≤—ã–ø–∏—Å–∫–µ/–∏—Å—Ç–æ—Ä–∏–∏ –æ–ø–µ—Ä–∞—Ü–∏–π –∑–∞ –ø–µ—Ä–∏–æ–¥ –∏–ª–∏ –∑–∞–ø—Ä–∞—à–∏–≤–∞—é—Ç —Å–ø—Ä–∞–≤–∫—É —É –ø–æ–¥–¥–µ—Ä–∂–∫–∏."
409,–ú–Ω–µ –Ω—É–∂–Ω–∞ –≤—Å—è –∏—Å—Ç–æ—Ä–∏—è –ø–ª–∞—Ç–µ–∂–µ–π —Å–æ–≤–µ—Ä—à–µ–Ω–Ω—ã–µ –ø–æ QR –∫–æ–¥—É,need_clarify,"109,292,718,862,1655,1704,1705","ask_channel|ask_details::–ò—Å—Ç–æ—Ä–∏—è –ø–ª–∞—Ç–µ–∂–µ–π –ø–æ QR ‚Äî —ç—Ç–æ –≤—ã–ø–∏—Å–∫–∞/—Ñ–∏–ª—å—Ç—Ä –≤ –∫–æ–Ω–∫—Ä–µ—Ç–Ω–æ–º –∫–∞–Ω–∞–ª–µ; –Ω—É–∂–Ω–æ —É—Ç–æ—á–Ω–∏—Ç—å –≥–¥–µ –∏ –∑–∞ –∫–∞–∫–æ–π –ø–µ—Ä–∏–æ–¥, –ø–æ—ç—Ç–æ–º—É —Ä–æ—É—Ç –≤ —Å–ø—Ä–∞–≤–∫—É + –ø–æ–¥–¥–µ—Ä–∂–∫—É."
